*Hour,Import
1,251
2,245
3,249
4,240
5,229
6,206
7,190
8,200
9,197
10,202
11,207
12,203
13,202
14,206
15,208
16,213
17,216
18,252
19,253
20,257
21,261
22,258
23,259
24,261
25,235
26,243
27,225
28,222
29,206
30,202
31,203
32,222
33,224
34,242
35,238
36,200
37,231
38,243
39,246
40,245
41,249
42,263
43,268
44,239
45,251
46,249
47,263
48,268
49,261
50,264
51,256
52,258
53,247
54,237
55,247
56,265
57,269
58,268
59,280
60,278
61,278
62,279
63,289
64,286
65,278
66,296
67,304
68,307
69,302
70,295
71,289
72,307
73,278
74,266
75,265
76,263
77,252
78,235
79,231
80,224
81,243
82,242
83,245
84,249
85,247
86,246
87,255
88,251
89,257
90,266
91,271
92,273
93,280
94,277
95,268
96,282
97,254
98,244
99,243
100,250
101,243
102,215
103,203
104,214
105,211
106,219
107,223
108,217
109,227
110,236
111,245
112,238
113,250
114,256
115,280
116,283
117,287
118,281
119,279
120,287
121,262
122,256
123,250
124,252
125,256
126,237
127,256
128,280
129,280
130,295
131,291
132,286
133,278
134,292
135,303
136,298
137,283
138,276
139,273
140,282
141,295
142,292
143,290
144,303
145,264
146,258
147,253
148,245
149,248
150,224
151,239
152,263
153,269
154,266
155,269
156,262
157,267
158,277
159,284
160,290
161,248
162,285
163,277
164,289
165,294
166,292
167,284
168,294
169,274
170,270
171,269
172,267
173,261
174,227
175,240
176,256
177,268
178,265
179,263
180,256
181,262
182,287
183,298
184,292
185,278
186,299
187,296
188,303
189,301
190,294
191,284
192,303
193,264
194,262
195,258
196,265
197,253
198,231
199,237
200,262
201,266
202,277
203,272
204,265
205,273
206,281
207,287
208,254
209,260
210,286
211,295
212,311
213,309
214,299
215,293
216,311
217,280
218,267
219,264
220,259
221,262
222,240
223,252
224,257
225,268
226,270
227,270
228,263
229,265
230,270
231,277
232,288
233,280
234,302
235,304
236,299
237,303
238,297
239,284
240,304
241,260
242,259
243,252
244,251
245,239
246,211
247,212
248,226
249,227
250,232
251,233
252,169
253,197
254,241
255,243
256,244
257,253
258,281
259,280
260,281
261,283
262,281
263,272
264,283
265,250
266,245
267,237
268,244
269,225
270,217
271,199
272,194
273,193
274,189
275,197
276,201
277,205
278,219
279,221
280,223
281,226
282,267
283,266
284,268
285,272
286,266
287,255
288,272
289,237
290,229
291,225
292,236
293,239
294,222
295,235
296,254
297,258
298,265
299,267
300,253
301,251
302,257
303,270
304,278
305,283
306,263
307,282
308,275
309,278
310,269
311,268
312,283
313,262
314,251
315,252
316,175
317,242
318,225
319,231
320,255
321,249
322,260
323,264
324,260
325,271
326,275
327,292
328,291
329,289
330,281
331,303
332,308
333,308
334,303
335,296
336,308
337,270
338,267
339,260
340,250
341,259
342,246
343,253
344,269
345,269
346,274
347,281
348,259
349,282
350,299
351,293
352,292
353,277
354,305
355,301
356,290
357,294
358,295
359,289
360,305
361,275
362,259
363,262
364,265
365,275
366,253
367,267
368,281
369,296
370,288
371,295
372,291
373,292
374,303
375,306
376,306
377,295
378,302
379,309
380,294
381,311
382,272
383,289
384,311
385,281
386,277
387,270
388,276
389,269
390,261
391,263
392,277
393,292
394,286
395,292
396,286
397,299
398,293
399,299
400,301
401,292
402,304
403,299
404,295
405,296
406,306
407,306
408,306
409,289
410,280
411,279
412,277
413,265
414,245
415,238
416,247
417,256
418,264
419,252
420,257
421,270
422,275
423,260
424,251
425,260
426,285
427,282
428,284
429,285
430,278
431,278
432,299
433,267
434,260
435,243
436,255
437,239
438,220
439,205
440,208
441,203
442,211
443,215
444,214
445,208
446,224
447,228
448,224
449,225
450,261
451,258
452,268
453,258
454,245
455,256
456,269
457,244
458,234
459,235
460,234
461,240
462,222
463,236
464,258
465,278
466,273
467,267
468,278
469,275
470,289
471,287
472,273
473,273
474,291
475,284
476,278
477,282
478,274
479,276
480,291
481,266
482,261
483,258
484,260
485,258
486,230
487,232
488,254
489,259
490,249
491,228
492,242
493,257
494,272
495,277
496,272
497,250
498,274
499,271
500,273
501,272
502,275
503,268
504,282
505,250
506,243
507,236
508,238
509,237
510,215
511,223
512,239
513,237
514,247
515,257
516,266
517,259
518,278
519,252
520,244
521,236
522,298
523,290
524,294
525,287
526,286
527,285
528,298
529,269
530,258
531,253
532,263
533,260
534,231
535,238
536,249
537,251
538,263
539,260
540,256
541,255
542,268
543,279
544,258
545,266
546,293
547,296
548,277
549,278
550,281
551,272
552,296
553,268
554,264
555,250
556,257
557,263
558,231
559,229
560,264
561,269
562,272
563,272
564,270
565,273
566,296
567,294
568,284
569,269
570,264
571,286
572,281
573,270
574,259
575,246
576,296
577,255
578,244
579,249
580,244
581,236
582,217
583,218
584,240
585,242
586,236
587,244
588,243
589,242
590,242
591,246
592,243
593,241
594,263
595,264
596,271
597,278
598,281
599,288
600,288
601,263
602,258
603,244
604,241
605,237
606,210
607,202
608,207
609,190
610,207
611,211
612,211
613,215
614,218
615,224
616,217
617,198
618,248
619,261
620,265
621,271
622,263
623,256
624,271
625,241
626,237
627,235
628,236
629,244
630,220
631,232
632,257
633,259
634,262
635,278
636,264
637,276
638,279
639,287
640,284
641,274
642,268
643,266
644,281
645,286
646,292
647,283
648,292
649,265
650,266
651,272
652,196
653,215
654,206
655,243
656,269
657,253
658,271
659,269
660,261
661,270
662,287
663,273
664,276
665,268
666,287
667,294
668,291
669,301
670,300
671,297
672,301
673,282
674,271
675,266
676,269
677,270
678,243
679,252
680,268
681,266
682,264
683,264
684,252
685,252
686,283
687,295
688,291
689,282
690,299
691,302
692,305
693,302
694,301
695,292
696,305
697,274
698,266
699,263
700,268
701,269
702,248
703,257
704,274
705,276
706,274
707,271
708,264
709,265
710,285
711,286
712,287
713,262
714,294
715,294
716,296
717,299
718,302
719,293
720,302
721,281
722,267
723,266
724,263
725,269
726,243
727,249
728,271
729,280
730,285
731,272
732,277
733,285
734,295
735,304
736,294
737,272
738,273
739,278
740,273
741,298
742,301
743,290
744,304
745,283
746,274
747,271
748,258
749,235
750,226
751,234
752,232
753,234
754,238
755,232
756,230
757,222
758,219
759,195
760,221
761,212
762,254
763,258
764,271
765,277
766,273
767,266
768,286
769,240
770,250
771,247
772,236
773,237
774,226
775,184
776,206
777,217
778,220
779,218
780,211
781,226
782,247
783,229
784,215
785,197
786,280
787,283
788,264
789,255
790,273
791,267
792,283
793,249
794,249
795,244
796,247
797,256
798,231
799,244
800,281
801,288
802,261
803,281
804,286
805,289
806,303
807,308
808,309
809,289
810,315
811,315
812,316
813,315
814,304
815,301
816,316
817,303
818,299
819,279
820,252
821,262
822,227
823,261
824,285
825,290
826,287
827,285
828,285
829,286
830,300
831,305
832,306
833,298
834,314
835,301
836,305
837,307
838,308
839,266
840,314
841,284
842,276
843,278
844,280
845,271
846,252
847,257
848,281
849,288
850,273
851,281
852,272
853,283
854,291
855,303
856,306
857,284
858,316
859,312
860,310
861,307
862,298
863,287
864,316
865,275
866,264
867,261
868,261
869,277
870,257
871,265
872,269
873,268
874,269
875,282
876,277
877,283
878,289
879,287
880,295
881,284
882,303
883,305
884,304
885,310
886,307
887,298
888,310
889,277
890,278
891,273
892,276
893,280
894,251
895,250
896,271
897,287
898,289
899,294
900,281
901,258
902,150
903,285
904,267
905,254
906,276
907,273
908,266
909,269
910,279
911,266
912,294
913,249
914,249
915,250
916,257
917,254
918,235
919,224
920,234
921,224
922,223
923,233
924,236
925,168
926,251
927,238
928,223
929,216
930,249
931,205
932,224
933,229
934,225
935,241
936,259
937,237
938,228
939,227
940,228
941,221
942,208
943,208
944,209
945,221
946,215
947,211
948,202
949,228
950,222
951,253
952,241
953,236
954,163
955,240
956,248
957,253
958,253
959,260
960,253
961,253
962,246
963,247
964,250
965,254
966,237
967,265
968,285
969,281
970,283
971,279
972,262
973,259
974,302
975,311
976,303
977,284
978,274
979,263
980,268
981,273
982,281
983,280
984,311
985,224
986,233
987,228
988,239
989,256
990,242
991,261
992,275
993,278
994,269
995,281
996,282
997,259
998,283
999,271
1000,256
1001,271
1002,262
1003,258
1004,260
1005,255
1006,253
1007,242
1008,283
1009,200
1010,195
1011,205
1012,200
1013,209
1014,185
1015,220
1016,233
1017,243
1018,158
1019,171
1020,170
1021,164
1022,179
1023,203
1024,155
1025,259
1026,285
1027,293
1028,287
1029,288
1030,285
1031,268
1032,293
1033,268
1034,247
1035,249
1036,256
1037,249
1038,218
1039,277
1040,296
1041,280
1042,301
1043,292
1044,288
1045,301
1046,294
1047,311
1048,302
1049,289
1050,274
1051,280
1052,278
1053,290
1054,279
1055,304
1056,311
1057,263
1058,261
1059,261
1060,274
1061,277
1062,252
1063,265
1064,285
1065,292
1066,281
1067,291
1068,277
1069,288
1070,296
1071,305
1072,288
1073,285
1074,274
1075,266
1076,277
1077,273
1078,288
1079,283
1080,305
1081,296
1082,296
1083,292
1084,287
1085,241
1086,215
1087,218
1088,245
1089,213
1090,199
1091,196
1092,163
1093,152
1094,178
1095,219
1096,214
1097,224
1098,251
1099,265
1100,269
1101,270
1102,276
1103,279
1104,301
1105,162
1106,163
1107,186
1108,220
1109,240
1110,226
1111,203
1112,239
1113,248
1114,223
1115,251
1116,238
1117,250
1118,237
1119,264
1120,255
1121,242
1122,263
1123,273
1124,279
1125,275
1126,259
1127,255
1128,279
1129,262
1130,244
1131,241
1132,238
1133,250
1134,228
1135,254
1136,276
1137,282
1138,277
1139,285
1140,276
1141,274
1142,293
1143,290
1144,270
1145,258
1146,269
1147,266
1148,268
1149,280
1150,273
1151,258
1152,293
1153,263
1154,265
1155,261
1156,264
1157,267
1158,244
1159,256
1160,286
1161,294
1162,291
1163,287
1164,273
1165,276
1166,278
1167,282
1168,286
1169,264
1170,283
1171,270
1172,273
1173,275
1174,273
1175,261
1176,294
1177,252
1178,255
1179,250
1180,257
1181,255
1182,236
1183,242
1184,269
1185,272
1186,274
1187,292
1188,274
1189,256
1190,263
1191,293
1192,280
1193,263
1194,294
1195,270
1196,284
1197,283
1198,291
1199,275
1200,294
1201,267
1202,262
1203,253
1204,255
1205,262
1206,239
1207,258
1208,266
1209,272
1210,282
1211,283
1212,287
1213,280
1214,253
1215,196
1216,201
1217,214
1218,231
1219,238
1220,250
1221,263
1222,270
1223,266
1224,287
1225,257
1226,263
1227,258
1228,262
1229,221
1230,217
1231,255
1232,268
1233,261
1234,260
1235,266
1236,284
1237,286
1238,277
1239,259
1240,247
1241,251
1242,270
1243,267
1244,273
1245,283
1246,294
1247,299
1248,294
1249,277
1250,269
1251,268
1252,282
1253,263
1254,238
1255,239
1256,259
1257,253
1258,263
1259,253
1260,255
1261,249
1262,255
1263,267
1264,254
1265,246
1266,294
1267,271
1268,280
1269,282
1270,218
1271,207
1272,294
1273,261
1274,259
1275,241
1276,246
1277,236
1278,220
1279,208
1280,195
1281,209
1282,198
1283,218
1284,227
1285,222
1286,242
1287,248
1288,234
1289,233
1290,266
1291,271
1292,231
1293,273
1294,274
1295,264
1296,274
1297,225
1298,208
1299,208
1300,215
1301,200
1302,233
1303,254
1304,276
1305,305
1306,312
1307,287
1308,271
1309,251
1310,235
1311,278
1312,307
1313,267
1314,293
1315,281
1316,282
1317,285
1318,280
1319,269
1320,312
1321,236
1322,252
1323,245
1324,259
1325,245
1326,235
1327,266
1328,280
1329,291
1330,291
1331,293
1332,280
1333,264
1334,297
1335,308
1336,291
1337,267
1338,271
1339,273
1340,277
1341,281
1342,272
1343,270
1344,308
1345,260
1346,273
1347,275
1348,274
1349,268
1350,244
1351,263
1352,288
1353,287
1354,296
1355,301
1356,288
1357,268
1358,280
1359,264
1360,250
1361,227
1362,268
1363,276
1364,274
1365,276
1366,277
1367,270
1368,301
1369,259
1370,250
1371,246
1372,261
1373,253
1374,238
1375,271
1376,278
1377,290
1378,296
1379,292
1380,294
1381,288
1382,305
1383,252
1384,224
1385,267
1386,287
1387,264
1388,171
1389,167
1390,246
1391,252
1392,305
1393,245
1394,246
1395,248
1396,258
1397,249
1398,233
1399,275
1400,289
1401,293
1402,299
1403,290
1404,284
1405,293
1406,301
1407,304
1408,284
1409,283
1410,276
1411,251
1412,254
1413,263
1414,269
1415,264
1416,304
1417,268
1418,266
1419,267
1420,275
1421,260
1422,241
1423,247
1424,248
1425,262
1426,259
1427,265
1428,263
1429,252
1430,267
1431,257
1432,264
1433,252
1434,294
1435,279
1436,271
1437,285
1438,278
1439,284
1440,294
1441,274
1442,265
1443,279
1444,268
1445,250
1446,235
1447,228
1448,230
1449,227
1450,226
1451,236
1452,211
1453,236
1454,239
1455,254
1456,247
1457,251
1458,288
1459,279
1460,280
1461,287
1462,294
1463,292
1464,294
1465,273
1466,270
1467,268
1468,273
1469,268
1470,240
1471,260
1472,288
1473,297
1474,294
1475,291
1476,253
1477,296
1478,294
1479,271
1480,279
1481,284
1482,276
1483,270
1484,267
1485,272
1486,271
1487,272
1488,297
1489,285
1490,281
1491,282
1492,286
1493,286
1494,255
1495,269
1496,296
1497,279
1498,300
1499,292
1500,291
1501,303
1502,302
1503,288
1504,284
1505,287
1506,285
1507,289
1508,289
1509,289
1510,291
1511,299
1512,303
1513,292
1514,296
1515,290
1516,292
1517,281
1518,262
1519,264
1520,282
1521,285
1522,280
1523,282
1524,282
1525,294
1526,284
1527,284
1528,297
1529,284
1530,228
1531,279
1532,238
1533,290
1534,295
1535,295
1536,297
1537,283
1538,275
1539,268
1540,253
1541,254
1542,235
1543,263
1544,283
1545,284
1546,283
1547,270
1548,266
1549,283
1550,283
1551,288
1552,304
1553,287
1554,301
1555,305
1556,306
1557,316
1558,320
1559,310
1560,320
1561,300
1562,295
1563,293
1564,268
1565,182
1566,228
1567,257
1568,290
1569,288
1570,300
1571,302
1572,163
1573,141
1574,279
1575,271
1576,309
1577,293
1578,285
1579,253
1580,276
1581,281
1582,290
1583,279
1584,309
1585,277
1586,285
1587,284
1588,286
1589,272
1590,245
1591,241
1592,254
1593,263
1594,278
1595,270
1596,243
1597,270
1598,273
1599,274
1600,250
1601,234
1602,236
1603,228
1604,236
1605,230
1606,229
1607,232
1608,286
1609,262
1610,268
1611,272
1612,272
1613,257
1614,235
1615,229
1616,222
1617,220
1618,237
1619,232
1620,243
1621,224
1622,227
1623,278
1624,250
1625,233
1626,254
1627,266
1628,266
1629,242
1630,254
1631,260
1632,278
1633,271
1634,273
1635,268
1636,267
1637,264
1638,250
1639,264
1640,290
1641,278
1642,291
1643,293
1644,295
1645,305
1646,293
1647,286
1648,256
1649,232
1650,259
1651,261
1652,277
1653,280
1654,276
1655,281
1656,305
1657,281
1658,283
1659,287
1660,284
1661,287
1662,251
1663,309
1664,265
1665,262
1666,269
1667,267
1668,266
1669,276
1670,293
1671,268
1672,269
1673,263
1674,280
1675,276
1676,277
1677,273
1678,272
1679,258
1680,309
1681,255
1682,249
1683,263
1684,276
1685,271
1686,247
1687,266
1688,271
1689,280
1690,249
1691,205
1692,250
1693,252
1694,218
1695,263
1696,226
1697,222
1698,243
1699,240
1700,240
1701,232
1702,265
1703,275
1704,280
1705,256
1706,261
1707,262
1708,258
1709,270
1710,234
1711,263
1712,278
1713,280
1714,289
1715,280
1716,275
1717,290
1718,290
1719,277
1720,299
1721,270
1722,299
1723,281
1724,313
1725,311
1726,314
1727,300
1728,314
1729,290
1730,282
1731,280
1732,290
1733,280
1734,276
1735,276
1736,290
1737,294
1738,306
1739,318
1740,302
1741,314
1742,308
1743,312
1744,323
1745,312
1746,314
1747,305
1748,299
1749,310
1750,311
1751,316
1752,323
1753,294
1754,298
1755,293
1756,296
1757,280
1758,274
1759,267
1760,277
1761,276
1762,272
1763,264
1764,261
1765,280
1766,269
1767,280
1768,287
1769,252
1770,306
1771,306
1772,303
1773,312
1774,314
1775,294
1776,314
1777,279
1778,285
1779,288
1780,288
1781,270
1782,245
1783,243
1784,239
1785,247
1786,229
1787,246
1788,252
1789,238
1790,242
1791,259
1792,247
1793,261
1794,266
1795,283
1796,285
1797,294
1798,302
1799,304
1800,305
1801,292
1802,283
1803,271
1804,278
1805,271
1806,245
1807,266
1808,294
1809,311
1810,291
1811,304
1812,288
1813,297
1814,298
1815,313
1816,294
1817,296
1818,283
1819,252
1820,254
1821,255
1822,259
1823,261
1824,313
1825,265
1826,280
1827,279
1828,282
1829,283
1830,264
1831,282
1832,291
1833,294
1834,300
1835,300
1836,320
1837,253
1838,321
1839,318
1840,317
1841,295
1842,260
1843,263
1844,286
1845,279
1846,285
1847,293
1848,321
1849,295
1850,295
1851,295
1852,289
1853,281
1854,249
1855,276
1856,298
1857,296
1858,310
1859,280
1860,279
1861,275
1862,278
1863,295
1864,294
1865,263
1866,280
1867,261
1868,270
1869,279
1870,274
1871,267
1872,310
1873,284
1874,282
1875,290
1876,281
1877,275
1878,251
1879,266
1880,276
1881,294
1882,284
1883,292
1884,293
1885,288
1886,294
1887,290
1888,279
1889,268
1890,270
1891,258
1892,266
1893,264
1894,262
1895,259
1896,294
1897,249
1898,255
1899,248
1900,258
1901,261
1902,235
1903,257
1904,264
1905,284
1906,291
1907,300
1908,301
1909,282
1910,303
1911,297
1912,278
1913,263
1914,258
1915,258
1916,259
1917,247
1918,193
1919,237
1920,303
1921,218
1922,231
1923,234
1924,250
1925,241
1926,225
1927,236
1928,238
1929,260
1930,252
1931,214
1932,260
1933,261
1934,249
1935,273
1936,253
1937,256
1938,246
1939,254
1940,255
1941,253
1942,263
1943,235
1944,273
1945,243
1946,250
1947,244
1948,246
1949,234
1950,210
1951,215
1952,208
1953,218
1954,219
1955,230
1956,232
1957,231
1958,248
1959,259
1960,224
1961,240
1962,286
1963,291
1964,299
1965,290
1966,298
1967,293
1968,299
1969,263
1970,233
1971,262
1972,264
1973,259
1974,241
1975,273
1976,297
1977,302
1978,292
1979,276
1980,287
1981,276
1982,300
1983,318
1984,284
1985,285
1986,285
1987,264
1988,270
1989,268
1990,272
1991,282
1992,318
1993,255
1994,266
1995,254
1996,261
1997,234
1998,212
1999,204
2000,245
2001,242
2002,271
2003,262
2004,263
2005,244
2006,301
2007,277
2008,288
2009,266
2010,262
2011,261
2012,258
2013,252
2014,255
2015,258
2016,301
2017,281
2018,289
2019,289
2020,295
2021,286
2022,263
2023,287
2024,287
2025,283
2026,149
2027,269
2028,223
2029,273
2030,291
2031,300
2032,280
2033,246
2034,279
2035,296
2036,308
2037,306
2038,309
2039,304
2040,309
2041,283
2042,280
2043,277
2044,273
2045,273
2046,248
2047,274
2048,288
2049,298
2050,297
2051,289
2052,283
2053,240
2054,282
2055,273
2056,230
2057,250
2058,257
2059,255
2060,239
2061,241
2062,251
2063,258
2064,298
2065,267
2066,266
2067,269
2068,275
2069,277
2070,253
2071,283
2072,249
2073,267
2074,290
2075,324
2076,275
2077,274
2078,286
2079,257
2080,263
2081,251
2082,222
2083,215
2084,224
2085,226
2086,238
2087,215
2088,324
2089,240
2090,254
2091,271
2092,269
2093,230
2094,228
2095,235
2096,169
2097,189
2098,172
2099,250
2100,223
2101,222
2102,254
2103,263
2104,267
2105,251
2106,251
2107,278
2108,256
2109,258
2110,255
2111,247
2112,278
2113,262
2114,276
2115,279
2116,282
2117,265
2118,241
2119,228
2120,222
2121,222
2122,217
2123,236
2124,272
2125,238
2126,242
2127,249
2128,228
2129,228
2130,254
2131,280
2132,283
2133,285
2134,283
2135,275
2136,285
2137,264
2138,264
2139,231
2140,246
2141,222
2142,208
2143,225
2144,252
2145,274
2146,231
2147,236
2148,257
2149,259
2150,265
2151,269
2152,279
2153,257
2154,278
2155,280
2156,269
2157,254
2158,268
2159,261
2160,280
2161,279
2162,276
2163,273
2164,272
2165,260
2166,253
2167,283
2168,289
2169,253
2170,303
2171,304
2172,269
2173,288
2174,294
2175,269
2176,266
2177,263
2178,273
2179,275
2180,263
2181,260
2182,273
2183,268
2184,304
2185,286
2186,290
2187,289
2188,287
2189,281
2190,238
2191,272
2192,291
2193,266
2194,311
2195,301
2196,280
2197,264
2198,262
2199,269
2200,275
2201,283
2202,305
2203,292
2204,293
2205,292
2206,290
2207,228
2208,311
2209,224
2210,221
2211,221
2212,221
2213,224
2214,207
2215,218
2216,244
2217,251
2218,243
2219,257
2220,247
2221,259
2222,281
2223,296
2224,298
2225,283
2226,283
2227,284
2228,274
2229,274
2230,278
2231,281
2232,298
2233,265
2234,267
2235,269
2236,263
2237,251
2238,226
2239,250
2240,256
2241,266
2242,270
2243,269
2244,256
2245,262
2246,269
2247,280
2248,278
2249,264
2250,245
2251,258
2252,257
2253,254
2254,256
2255,256
2256,280
2257,276
2258,275
2259,271
2260,269
2261,206
2262,218
2263,230
2264,246
2265,245
2266,248
2267,248
2268,239
2269,253
2270,235
2271,244
2272,272
2273,264
2274,284
2275,279
2276,282
2277,286
2278,277
2279,297
2280,297
2281,281
2282,276
2283,278
2284,277
2285,250
2286,230
2287,237
2288,238
2289,226
2290,241
2291,249
2292,244
2293,237
2294,252
2295,234
2296,246
2297,244
2298,279
2299,254
2300,261
2301,269
2302,264
2303,255
2304,289
2305,268
2306,266
2307,260
2308,262
2309,255
2310,231
2311,269
2312,293
2313,292
2314,269
2315,291
2316,277
2317,287
2318,285
2319,275
2320,268
2321,238
2322,273
2323,239
2324,239
2325,249
2326,269
2327,275
2328,293
2329,277
2330,270
2331,271
2332,273
2333,262
2334,252
2335,245
2336,279
2337,280
2338,298
2339,287
2340,275
2341,293
2342,296
2343,287
2344,282
2345,263
2346,267
2347,246
2348,249
2349,242
2350,238
2351,232
2352,298
2353,254
2354,269
2355,262
2356,259
2357,237
2358,204
2359,250
2360,267
2361,268
2362,259
2363,274
2364,278
2365,265
2366,294
2367,262
2368,244
2369,242
2370,262
2371,255
2372,258
2373,260
2374,261
2375,262
2376,294
2377,266
2378,262
2379,263
2380,259
2381,248
2382,231
2383,262
2384,265
2385,275
2386,281
2387,281
2388,289
2389,278
2390,291
2391,292
2392,283
2393,283
2394,267
2395,283
2396,283
2397,304
2398,281
2399,222
2400,304
2401,283
2402,242
2403,240
2404,248
2405,240
2406,219
2407,231
2408,258
2409,274
2410,280
2411,272
2412,273
2413,265
2414,268
2415,280
2416,292
2417,285
2418,303
2419,304
2420,300
2421,305
2422,304
2423,301
2424,305
2425,270
2426,259
2427,259
2428,254
2429,216
2430,224
2431,233
2432,256
2433,247
2434,242
2435,244
2436,250
2437,251
2438,246
2439,234
2440,227
2441,221
2442,267
2443,282
2444,286
2445,292
2446,285
2447,290
2448,292
2449,266
2450,262
2451,259
2452,258
2453,245
2454,218
2455,216
2456,214
2457,214
2458,216
2459,222
2460,227
2461,239
2462,233
2463,235
2464,241
2465,248
2466,282
2467,281
2468,295
2469,295
2470,285
2471,289
2472,295
2473,272
2474,271
2475,261
2476,252
2477,234
2478,234
2479,263
2480,275
2481,282
2482,302
2483,302
2484,275
2485,286
2486,286
2487,311
2488,275
2489,288
2490,303
2491,299
2492,313
2493,313
2494,312
2495,295
2496,313
2497,284
2498,277
2499,275
2500,270
2501,261
2502,251
2503,267
2504,282
2505,282
2506,297
2507,285
2508,293
2509,285
2510,299
2511,310
2512,296
2513,277
2514,314
2515,305
2516,301
2517,308
2518,309
2519,302
2520,314
2521,280
2522,272
2523,260
2524,257
2525,238
2526,207
2527,267
2528,289
2529,288
2530,288
2531,264
2532,258
2533,259
2534,286
2535,325
2536,295
2537,274
2538,299
2539,301
2540,301
2541,305
2542,299
2543,294
2544,325
2545,279
2546,276
2547,266
2548,277
2549,267
2550,252
2551,277
2552,279
2553,286
2554,298
2555,282
2556,275
2557,289
2558,310
2559,280
2560,287
2561,275
2562,285
2563,279
2564,293
2565,299
2566,294
2567,284
2568,310
2569,295
2570,275
2571,280
2572,285
2573,257
2574,257
2575,272
2576,295
2577,307
2578,311
2579,288
2580,291
2581,293
2582,289
2583,284
2584,278
2585,278
2586,306
2587,311
2588,294
2589,264
2590,263
2591,271
2592,311
2593,273
2594,277
2595,275
2596,273
2597,235
2598,242
2599,245
2600,256
2601,243
2602,257
2603,257
2604,257
2605,248
2606,261
2607,268
2608,270
2609,268
2610,296
2611,301
2612,299
2613,304
2614,301
2615,299
2616,304
2617,289
2618,283
2619,279
2620,283
2621,239
2622,229
2623,213
2624,212
2625,241
2626,231
2627,259
2628,231
2629,249
2630,242
2631,246
2632,237
2633,228
2634,249
2635,260
2636,275
2637,278
2638,278
2639,276
2640,292
2641,256
2642,248
2643,242
2644,238
2645,219
2646,198
2647,209
2648,213
2649,220
2650,230
2651,229
2652,231
2653,225
2654,236
2655,241
2656,240
2657,231
2658,277
2659,270
2660,285
2661,298
2662,292
2663,295
2664,298
2665,273
2666,269
2667,263
2668,263
2669,250
2670,248
2671,275
2672,286
2673,303
2674,300
2675,303
2676,237
2677,292
2678,308
2679,344
2680,296
2681,295
2682,301
2683,271
2684,266
2685,244
2686,265
2687,255
2688,344
2689,209
2690,230
2691,184
2692,234
2693,238
2694,231
2695,259
2696,264
2697,273
2698,277
2699,291
2700,266
2701,282
2702,291
2703,299
2704,292
2705,272
2706,281
2707,296
2708,295
2709,288
2710,296
2711,292
2712,299
2713,284
2714,271
2715,270
2716,264
2717,239
2718,245
2719,269
2720,291
2721,296
2722,294
2723,288
2724,272
2725,288
2726,290
2727,279
2728,293
2729,275
2730,308
2731,311
2732,305
2733,304
2734,274
2735,287
2736,311
2737,278
2738,274
2739,273
2740,268
2741,237
2742,232
2743,260
2744,279
2745,290
2746,282
2747,278
2748,277
2749,284
2750,293
2751,299
2752,298
2753,274
2754,277
2755,197
2756,190
2757,196
2758,215
2759,231
2760,299
2761,266
2762,271
2763,270
2764,270
2765,245
2766,227
2767,249
2768,275
2769,255
2770,251
2771,264
2772,196
2773,216
2774,193
2775,212
2776,210
2777,218
2778,272
2779,261
2780,265
2781,254
2782,252
2783,247
2784,275
2785,225
2786,221
2787,220
2788,215
2789,179
2790,166
2791,195
2792,170
2793,186
2794,200
2795,195
2796,192
2797,201
2798,200
2799,198
2800,203
2801,190
2802,230
2803,251
2804,236
2805,251
2806,241
2807,235
2808,251
2809,220
2810,214
2811,220
2812,219
2813,224
2814,214
2815,241
2816,267
2817,270
2818,274
2819,272
2820,272
2821,260
2822,277
2823,294
2824,291
2825,279
2826,306
2827,300
2828,276
2829,279
2830,285
2831,277
2832,306
2833,258
2834,261
2835,263
2836,263
2837,259
2838,244
2839,263
2840,266
2841,285
2842,283
2843,281
2844,286
2845,285
2846,287
2847,244
2848,255
2849,265
2850,277
2851,289
2852,286
2853,269
2854,264
2855,252
2856,289
2857,235
2858,229
2859,225
2860,228
2861,223
2862,216
2863,231
2864,262
2865,253
2866,267
2867,267
2868,265
2869,263
2870,277
2871,284
2872,269
2873,265
2874,293
2875,286
2876,281
2877,282
2878,263
2879,268
2880,293
2881,249
2882,242
2883,237
2884,228
2885,194
2886,181
2887,174
2888,175
2889,186
2890,178
2891,191
2892,183
2893,198
2894,186
2895,196
2896,194
2897,192
2898,229
2899,235
2900,233
2901,234
2902,235
2903,225
2904,260
2905,209
2906,205
2907,198
2908,195
2909,170
2910,162
2911,167
2912,163
2913,179
2914,194
2915,187
2916,182
2917,187
2918,170
2919,181
2920,196
2921,209
2922,231
2923,231
2924,231
2925,227
2926,219
2927,208
2928,231
2929,198
2930,195
2931,200
2932,193
2933,188
2934,177
2935,184
2936,197
2937,204
2938,219
2939,220
2940,215
2941,216
2942,219
2943,198
2944,188
2945,222
2946,255
2947,257
2948,263
2949,263
2950,262
2951,263
2952,263
2953,250
2954,246
2955,231
2956,225
2957,204
2958,185
2959,187
2960,190
2961,195
2962,195
2963,212
2964,204
2965,203
2966,205
2967,213
2968,204
2969,203
2970,254
2971,259
2972,268
2973,266
2974,267
2975,261
2976,268
2977,246
2978,235
2979,229
2980,236
2981,231
2982,220
2983,261
2984,272
2985,289
2986,288
2987,282
2988,290
2989,281
2990,295
2991,316
2992,280
2993,271
2994,301
2995,297
2996,296
2997,298
2998,300
2999,281
3000,316
3001,272
3002,262
3003,259
3004,259
3005,253
3006,243
3007,257
3008,296
3009,287
3010,299
3011,298
3012,287
3013,290
3014,303
3015,304
3016,297
3017,282
3018,304
3019,295
3020,300
3021,311
3022,304
3023,307
3024,311
3025,276
3026,269
3027,267
3028,272
3029,253
3030,232
3031,265
3032,295
3033,296
3034,286
3035,282
3036,283
3037,288
3038,241
3039,218
3040,215
3041,272
3042,279
3043,273
3044,275
3045,275
3046,269
3047,263
3048,296
3049,262
3050,257
3051,258
3052,257
3053,241
3054,216
3055,263
3056,275
3057,285
3058,296
3059,291
3060,286
3061,288
3062,300
3063,298
3064,290
3065,278
3066,309
3067,295
3068,294
3069,300
3070,314
3071,306
3072,314
3073,288
3074,278
3075,265
3076,270
3077,254
3078,249
3079,276
3080,293
3081,301
3082,302
3083,289
3084,258
3085,257
3086,293
3087,282
3088,286
3089,278
3090,307
3091,297
3092,301
3093,307
3094,304
3095,297
3096,307
3097,283
3098,278
3099,272
3100,264
3101,238
3102,225
3103,233
3104,225
3105,233
3106,243
3107,248
3108,232
3109,251
3110,262
3111,243
3112,237
3113,240
3114,282
3115,279
3116,277
3117,280
3118,273
3119,283
3120,287
3121,274
3122,265
3123,269
3124,274
3125,229
3126,219
3127,223
3128,217
3129,206
3130,226
3131,218
3132,219
3133,242
3134,247
3135,224
3136,225
3137,251
3138,265
3139,279
3140,264
3141,283
3142,274
3143,257
3144,283
3145,269
3146,254
3147,252
3148,248
3149,240
3150,241
3151,284
3152,286
3153,293
3154,285
3155,295
3156,295
3157,311
3158,307
3159,316
3160,324
3161,284
3162,286
3163,281
3164,293
3165,297
3166,299
3167,292
3168,324
3169,288
3170,286
3171,301
3172,285
3173,271
3174,230
3175,206
3176,267
3177,286
3178,289
3179,293
3180,287
3181,296
3182,303
3183,299
3184,304
3185,266
3186,283
3187,287
3188,295
3189,280
3190,288
3191,271
3192,304
3193,271
3194,284
3195,259
3196,260
3197,248
3198,243
3199,262
3200,290
3201,305
3202,278
3203,292
3204,292
3205,292
3206,300
3207,313
3208,304
3209,289
3210,304
3211,300
3212,308
3213,313
3214,316
3215,312
3216,316
3217,293
3218,287
3219,284
3220,281
3221,258
3222,249
3223,287
3224,298
3225,306
3226,297
3227,288
3228,278
3229,282
3230,330
3231,296
3232,298
3233,287
3234,303
3235,285
3236,295
3237,304
3238,311
3239,305
3240,330
3241,287
3242,281
3243,277
3244,283
3245,279
3246,246
3247,288
3248,300
3249,312
3250,304
3251,320
3252,309
3253,295
3254,312
3255,300
3256,316
3257,289
3258,286
3259,306
3260,302
3261,306
3262,315
3263,314
3264,320
3265,299
3266,294
3267,289
3268,283
3269,252
3270,248
3271,232
3272,249
3273,257
3274,252
3275,261
3276,253
3277,245
3278,258
3279,258
3280,237
3281,264
3282,279
3283,287
3284,286
3285,279
3286,277
3287,267
3288,309
3289,252
3290,237
3291,232
3292,233
3293,229
3294,212
3295,208
3296,198
3297,207
3298,194
3299,210
3300,214
3301,203
3302,210
3303,210
3304,205
3305,210
3306,249
3307,248
3308,254
3309,242
3310,250
3311,234
3312,260
3313,203
3314,199
3315,207
3316,213
3317,200
3318,218
3319,238
3320,255
3321,259
3322,257
3323,260
3324,264
3325,266
3326,265
3327,313
3328,288
3329,269
3330,304
3331,294
3332,296
3333,298
3334,298
3335,289
3336,313
3337,280
3338,286
3339,263
3340,269
3341,248
3342,239
3343,264
3344,278
3345,283
3346,287
3347,288
3348,264
3349,262
3350,282
3351,268
3352,236
3353,259
3354,283
3355,287
3356,290
3357,279
3358,281
3359,270
3360,290
3361,258
3362,243
3363,239
3364,237
3365,221
3366,222
3367,243
3368,259
3369,244
3370,270
3371,273
3372,265
3373,272
3374,267
3375,288
3376,279
3377,269
3378,303
3379,306
3380,304
3381,306
3382,299
3383,287
3384,306
3385,279
3386,270
3387,269
3388,271
3389,254
3390,248
3391,264
3392,279
3393,286
3394,275
3395,286
3396,271
3397,287
3398,314
3399,322
3400,308
3401,286
3402,311
3403,309
3404,316
3405,315
3406,312
3407,298
3408,322
3409,287
3410,281
3411,269
3412,273
3413,263
3414,252
3415,273
3416,279
3417,280
3418,281
3419,255
3420,257
3421,259
3422,265
3423,263
3424,248
3425,253
3426,275
3427,246
3428,260
3429,266
3430,261
3431,257
3432,290
3433,245
3434,234
3435,243
3436,241
3437,230
3438,221
3439,227
3440,229
3441,230
3442,234
3443,232
3444,241
3445,250
3446,245
3447,242
3448,243
3449,236
3450,273
3451,267
3452,270
3453,261
3454,259
3455,256
3456,273
3457,249
3458,236
3459,234
3460,237
3461,205
3462,203
3463,199
3464,196
3465,198
3466,210
3467,216
3468,226
3469,219
3470,212
3471,249
3472,225
3473,224
3474,262
3475,273
3476,276
3477,283
3478,276
3479,270
3480,283
3481,248
3482,238
3483,239
3484,231
3485,224
3486,224
3487,239
3488,265
3489,267
3490,269
3491,263
3492,278
3493,256
3494,270
3495,305
3496,286
3497,269
3498,293
3499,273
3500,279
3501,274
3502,280
3503,281
3504,305
3505,268
3506,267
3507,256
3508,254
3509,240
3510,222
3511,252
3512,270
3513,262
3514,263
3515,271
3516,268
3517,260
3518,305
3519,302
3520,286
3521,271
3522,278
3523,274
3524,276
3525,275
3526,283
3527,285
3528,305
3529,272
3530,264
3531,259
3532,252
3533,238
3534,221
3535,247
3536,255
3537,272
3538,291
3539,289
3540,283
3541,279
3542,242
3543,249
3544,255
3545,259
3546,281
3547,271
3548,268
3549,264
3550,261
3551,253
3552,291
3553,239
3554,242
3555,235
3556,222
3557,213
3558,197
3559,195
3560,215
3561,222
3562,221
3563,199
3564,204
3565,206
3566,200
3567,210
3568,213
3569,214
3570,242
3571,243
3572,239
3573,232
3574,224
3575,218
3576,247
3577,206
3578,202
3579,205
3580,208
3581,212
3582,211
3583,223
3584,245
3585,248
3586,164
3587,230
3588,235
3589,236
3590,265
3591,270
3592,261
3593,257
3594,280
3595,278
3596,273
3597,266
3598,262
3599,256
3600,280
3601,239
3602,230
3603,230
3604,228
3605,195
3606,190
3607,206
3608,213
3609,225
3610,227
3611,182
3612,234
3613,236
3614,238
3615,236
3616,237
3617,228
3618,261
3619,275
3620,267
3621,271
3622,256
3623,250
3624,275
3625,241
3626,241
3627,240
3628,237
3629,222
3630,198
3631,192
3632,197
3633,203
3634,213
3635,187
3636,200
3637,201
3638,222
3639,204
3640,203
3641,208
3642,252
3643,251
3644,231
3645,261
3646,258
3647,254
3648,261
3649,243
3650,240
3651,230
3652,235
3653,195
3654,192
3655,185
3656,234
3657,223
3658,264
3659,243
3660,257
3661,252
3662,249
3663,281
3664,250
3665,243
3666,273
3667,262
3668,267
3669,259
3670,262
3671,260
3672,281
3673,246
3674,244
3675,240
3676,243
3677,232
3678,234
3679,254
3680,267
3681,267
3682,258
3683,267
3684,272
3685,275
3686,284
3687,293
3688,281
3689,263
3690,280
3691,283
3692,275
3693,268
3694,267
3695,254
3696,293
3697,222
3698,209
3699,210
3700,217
3701,205
3702,202
3703,223
3704,231
3705,244
3706,242
3707,226
3708,246
3709,270
3710,254
3711,264
3712,250
3713,239
3714,273
3715,259
3716,257
3717,261
3718,257
3719,249
3720,273
3721,233
3722,228
3723,228
3724,237
3725,235
3726,223
3727,237
3728,255
3729,262
3730,237
3731,254
3732,222
3733,250
3734,264
3735,250
3736,246
3737,235
3738,248
3739,251
3740,257
3741,255
3742,250
3743,254
3744,264
3745,264
3746,252
3747,248
3748,239
3749,207
3750,194
3751,193
3752,198
3753,194
3754,232
3755,192
3756,202
3757,195
3758,201
3759,209
3760,199
3761,202
3762,238
3763,246
3764,246
3765,250
3766,248
3767,239
3768,270
3769,235
3770,226
3771,213
3772,201
3773,203
3774,179
3775,195
3776,197
3777,210
3778,201
3779,187
3780,198
3781,202
3782,201
3783,209
3784,195
3785,199
3786,239
3787,233
3788,232
3789,231
3790,218
3791,220
3792,240
3793,204
3794,199
3795,195
3796,199
3797,185
3798,177
3799,164
3800,166
3801,181
3802,178
3803,187
3804,190
3805,188
3806,214
3807,189
3808,204
3809,200
3810,239
3811,244
3812,256
3813,253
3814,252
3815,244
3816,256
3817,231
3818,224
3819,217
3820,206
3821,179
3822,174
3823,171
3824,182
3825,206
3826,196
3827,199
3828,189
3829,196
3830,200
3831,212
3832,218
3833,218
3834,257
3835,261
3836,264
3837,269
3838,256
3839,241
3840,269
3841,234
3842,230
3843,227
3844,225
3845,217
3846,211
3847,251
3848,273
3849,291
3850,286
3851,287
3852,266
3853,233
3854,284
3855,278
3856,254
3857,248
3858,275
3859,279
3860,245
3861,268
3862,264
3863,259
3864,291
3865,242
3866,239
3867,235
3868,234
3869,229
3870,205
3871,247
3872,254
3873,232
3874,271
3875,256
3876,224
3877,225
3878,235
3879,247
3880,248
3881,237
3882,260
3883,249
3884,243
3885,234
3886,235
3887,228
3888,271
3889,212
3890,212
3891,204
3892,213
3893,209
3894,215
3895,238
3896,261
3897,261
3898,253
3899,258
3900,249
3901,258
3902,270
3903,275
3904,263
3905,253
3906,270
3907,275
3908,279
3909,273
3910,274
3911,260
3912,279
3913,248
3914,237
3915,236
3916,235
3917,229
3918,212
3919,264
3920,243
3921,223
3922,280
3923,249
3924,253
3925,256
3926,253
3927,251
3928,251
3929,247
3930,277
3931,270
3932,272
3933,270
3934,262
3935,259
3936,280
3937,239
3938,235
3939,231
3940,233
3941,201
3942,199
3943,209
3944,222
3945,217
3946,244
3947,241
3948,207
3949,210
3950,199
3951,205
3952,196
3953,212
3954,244
3955,251
3956,240
3957,236
3958,231
3959,225
3960,251
3961,207
3962,210
3963,204
3964,210
3965,195
3966,184
3967,169
3968,156
3969,158
3970,170
3971,180
3972,176
3973,180
3974,182
3975,191
3976,199
3977,193
3978,234
3979,243
3980,248
3981,241
3982,240
3983,227
3984,248
3985,256
3986,255
3987,246
3988,256
3989,244
3990,260
3991,287
3992,299
3993,303
3994,299
3995,295
3996,323
3997,325
3998,328
3999,312
4000,275
4001,271
4002,320
4003,332
4004,337
4005,331
4006,327
4007,322
4008,337
4009,237
4010,233
4011,226
4012,221
4013,208
4014,203
4015,253
4016,261
4017,251
4018,258
4019,266
4020,245
4021,238
4022,267
4023,261
4024,254
4025,235
4026,261
4027,259
4028,264
4029,267
4030,256
4031,253
4032,267
4033,234
4034,231
4035,225
4036,227
4037,222
4038,210
4039,239
4040,264
4041,263
4042,272
4043,275
4044,253
4045,269
4046,287
4047,304
4048,264
4049,247
4050,271
4051,270
4052,274
4053,268
4054,263
4055,267
4056,304
4057,255
4058,245
4059,238
4060,241
4061,225
4062,226
4063,257
4064,262
4065,263
4066,265
4067,264
4068,258
4069,249
4070,271
4071,271
4072,258
4073,244
4074,277
4075,283
4076,282
4077,275
4078,272
4079,272
4080,283
4081,256
4082,227
4083,236
4084,245
4085,230
4086,223
4087,248
4088,264
4089,271
4090,266
4091,262
4092,251
4093,259
4094,261
4095,254
4096,244
4097,244
4098,259
4099,261
4100,260
4101,255
4102,238
4103,231
4104,271
4105,218
4106,217
4107,218
4108,211
4109,201
4110,189
4111,192
4112,207
4113,208
4114,197
4115,210
4116,204
4117,197
4118,199
4119,202
4120,206
4121,206
4122,251
4123,249
4124,248
4125,248
4126,244
4127,240
4128,251
4129,220
4130,212
4131,211
4132,214
4133,201
4134,201
4135,206
4136,195
4137,193
4138,194
4139,201
4140,202
4141,199
4142,204
4143,186
4144,180
4145,181
4146,227
4147,232
4148,228
4149,226
4150,222
4151,218
4152,232
4153,201
4154,198
4155,197
4156,195
4157,195
4158,204
4159,235
4160,237
4161,240
4162,241
4163,234
4164,245
4165,247
4166,251
4167,227
4168,213
4169,198
4170,219
4171,215
4172,206
4173,202
4174,202
4175,208
4176,251
4177,235
4178,231
4179,226
4180,228
4181,228
4182,227
4183,243
4184,260
4185,240
4186,257
4187,253
4188,247
4189,263
4190,259
4191,262
4192,271
4193,254
4194,283
4195,261
4196,253
4197,249
4198,233
4199,240
4200,283
4201,218
4202,209
4203,209
4204,211
4205,219
4206,218
4207,244
4208,266
4209,268
4210,276
4211,256
4212,252
4213,284
4214,276
4215,280
4216,266
4217,258
4218,286
4219,277
4220,273
4221,269
4222,269
4223,253
4224,286
4225,244
4226,241
4227,233
4228,233
4229,215
4230,211
4231,220
4232,244
4233,246
4234,254
4235,236
4236,230
4237,228
4238,214
4239,179
4240,203
4241,200
4242,230
4243,234
4244,232
4245,225
4246,210
4247,193
4248,254
4249,174
4250,170
4251,168
4252,187
4253,191
4254,195
4255,211
4256,227
4257,224
4258,224
4259,237
4260,225
4261,219
4262,222
4263,241
4264,222
4265,224
4266,256
4267,257
4268,250
4269,243
4270,241
4271,224
4272,257
4273,215
4274,210
4275,209
4276,214
4277,196
4278,193
4279,198
4280,198
4281,197
4282,205
4283,210
4284,203
4285,208
4286,210
4287,213
4288,208
4289,210
4290,248
4291,246
4292,258
4293,255
4294,246
4295,237
4296,258
4297,222
4298,215
4299,211
4300,212
4301,194
4302,174
4303,155
4304,178
4305,175
4306,192
4307,197
4308,197
4309,189
4310,170
4311,192
4312,218
4313,192
4314,230
4315,237
4316,237
4317,232
4318,227
4319,221
4320,237
4321,208
4322,206
4323,201
4324,202
4325,188
4326,197
4327,228
4328,233
4329,247
4330,237
4331,236
4332,226
4333,222
4334,243
4335,248
4336,245
4337,229
4338,260
4339,261
4340,258
4341,251
4342,247
4343,237
4344,261
4345,216
4346,212
4347,211
4348,229
4349,217
4350,219
4351,222
4352,231
4353,229
4354,238
4355,249
4356,237
4357,231
4358,250
4359,245
4360,245
4361,233
4362,264
4363,263
4364,248
4365,238
4366,229
4367,223
4368,264
4369,221
4370,214
4371,210
4372,213
4373,207
4374,208
4375,213
4376,242
4377,243
4378,239
4379,244
4380,239
4381,243
4382,254
4383,254
4384,245
4385,234
4386,262
4387,264
4388,258
4389,256
4390,247
4391,245
4392,264
4393,233
4394,231
4395,224
4396,224
4397,212
4398,212
4399,230
4400,240
4401,247
4402,253
4403,247
4404,236
4405,235
4406,248
4407,250
4408,242
4409,226
4410,254
4411,254
4412,232
4413,243
4414,206
4415,231
4416,254
4417,221
4418,210
4419,209
4420,218
4421,203
4422,209
4423,222
4424,231
4425,226
4426,229
4427,219
4428,216
4429,209
4430,223
4431,229
4432,221
4433,214
4434,249
4435,250
4436,245
4437,232
4438,227
4439,221
4440,250
4441,217
4442,205
4443,205
4444,217
4445,210
4446,197
4447,191
4448,188
4449,184
4450,196
4451,190
4452,198
4453,203
4454,208
4455,202
4456,194
4457,203
4458,242
4459,241
4460,241
4461,238
4462,230
4463,223
4464,242
4465,207
4466,202
4467,197
4468,202
4469,196
4470,184
4471,173
4472,166
4473,162
4474,173
4475,172
4476,174
4477,181
4478,183
4479,184
4480,173
4481,181
4482,223
4483,233
4484,232
4485,222
4486,216
4487,207
4488,239
4489,195
4490,196
4491,193
4492,196
4493,192
4494,200
4495,223
4496,238
4497,241
4498,241
4499,244
4500,239
4501,230
4502,242
4503,252
4504,235
4505,228
4506,255
4507,254
4508,251
4509,246
4510,239
4511,228
4512,255
4513,209
4514,201
4515,199
4516,206
4517,190
4518,199
4519,217
4520,225
4521,218
4522,230
4523,220
4524,210
4525,213
4526,221
4527,222
4528,215
4529,222
4530,252
4531,252
4532,245
4533,232
4534,224
4535,213
4536,252
4537,210
4538,205
4539,204
4540,208
4541,196
4542,199
4543,208
4544,215
4545,218
4546,215
4547,216
4548,209
4549,208
4550,224
4551,237
4552,225
4553,217
4554,255
4555,249
4556,250
4557,237
4558,225
4559,212
4560,255
4561,202
4562,194
4563,196
4564,198
4565,193
4566,196
4567,220
4568,222
4569,220
4570,224
4571,212
4572,217
4573,223
4574,242
4575,242
4576,229
4577,221
4578,258
4579,261
4580,253
4581,242
4582,238
4583,233
4584,261
4585,196
4586,191
4587,193
4588,200
4589,194
4590,197
4591,218
4592,227
4593,235
4594,228
4595,238
4596,223
4597,217
4598,235
4599,249
4600,231
4601,224
4602,268
4603,253
4604,249
4605,240
4606,229
4607,229
4608,268
4609,223
4610,214
4611,212
4612,216
4613,200
4614,185
4615,196
4616,205
4617,200
4618,201
4619,202
4620,199
4621,204
4622,204
4623,211
4624,213
4625,209
4626,239
4627,235
4628,230
4629,230
4630,213
4631,211
4632,239
4633,197
4634,185
4635,192
4636,202
4637,197
4638,194
4639,187
4640,183
4641,181
4642,186
4643,177
4644,174
4645,187
4646,185
4647,184
4648,186
4649,191
4650,230
4651,236
4652,237
4653,232
4654,221
4655,204
4656,237
4657,189
4658,184
4659,183
4660,190
4661,185
4662,190
4663,212
4664,227
4665,238
4666,239
4667,229
4668,234
4669,234
4670,250
4671,255
4672,235
4673,212
4674,255
4675,255
4676,242
4677,239
4678,235
4679,230
4680,255
4681,213
4682,214
4683,207
4684,215
4685,210
4686,198
4687,233
4688,225
4689,232
4690,237
4691,247
4692,208
4693,226
4694,243
4695,236
4696,239
4697,233
4698,252
4699,263
4700,261
4701,257
4702,248
4703,232
4704,263
4705,220
4706,219
4707,206
4708,213
4709,214
4710,208
4711,226
4712,242
4713,243
4714,232
4715,235
4716,238
4717,235
4718,235
4719,246
4720,241
4721,225
4722,258
4723,258
4724,255
4725,257
4726,251
4727,242
4728,258
4729,220
4730,218
4731,207
4732,196
4733,179
4734,167
4735,169
4736,168
4737,174
4738,170
4739,169
4740,170
4741,167
4742,169
4743,182
4744,182
4745,205
4746,234
4747,233
4748,237
4749,226
4750,212
4751,201
4752,237
4753,188
4754,194
4755,193
4756,197
4757,201
4758,201
4759,221
4760,229
4761,221
4762,233
4763,230
4764,233
4765,242
4766,235
4767,238
4768,242
4769,227
4770,264
4771,244
4772,247
4773,231
4774,224
4775,217
4776,264
4777,203
4778,197
4779,191
4780,201
4781,205
4782,202
4783,210
4784,217
4785,219
4786,220
4787,224
4788,212
4789,216
4790,227
4791,233
4792,227
4793,223
4794,263
4795,258
4796,261
4797,252
4798,248
4799,240
4800,263
4801,229
4802,216
4803,209
4804,218
4805,208
4806,192
4807,201
4808,199
4809,197
4810,192
4811,192
4812,196
4813,192
4814,192
4815,198
4816,190
4817,202
4818,238
4819,245
4820,236
4821,233
4822,224
4823,216
4824,245
4825,206
4826,204
4827,199
4828,202
4829,205
4830,215
4831,230
4832,242
4833,241
4834,223
4835,226
4836,241
4837,234
4838,246
4839,243
4840,239
4841,232
4842,258
4843,255
4844,255
4845,245
4846,235
4847,232
4848,258
4849,223
4850,221
4851,222
4852,228
4853,222
4854,221
4855,238
4856,252
4857,254
4858,254
4859,239
4860,240
4861,248
4862,253
4863,261
4864,229
4865,239
4866,253
4867,264
4868,256
4869,248
4870,238
4871,228
4872,264
4873,221
4874,216
4875,215
4876,220
4877,214
4878,219
4879,233
4880,231
4881,240
4882,239
4883,237
4884,235
4885,237
4886,243
4887,248
4888,243
4889,246
4890,268
4891,263
4892,262
4893,249
4894,246
4895,236
4896,268
4897,219
4898,214
4899,215
4900,217
4901,202
4902,202
4903,217
4904,226
4905,219
4906,227
4907,223
4908,221
4909,215
4910,228
4911,238
4912,236
4913,234
4914,264
4915,259
4916,261
4917,260
4918,248
4919,235
4920,264
4921,225
4922,221
4923,215
4924,220
4925,204
4926,212
4927,227
4928,240
4929,233
4930,235
4931,221
4932,224
4933,224
4934,242
4935,229
4936,244
4937,229
4938,267
4939,271
4940,263
4941,255
4942,246
4943,242
4944,271
4945,226
4946,218
4947,220
4948,219
4949,219
4950,219
4951,213
4952,191
4953,210
4954,212
4955,208
4956,203
4957,207
4958,197
4959,218
4960,192
4961,225
4962,254
4963,257
4964,256
4965,240
4966,232
4967,230
4968,257
4969,224
4970,214
4971,211
4972,209
4973,199
4974,195
4975,191
4976,186
4977,186
4978,188
4979,193
4980,188
4981,200
4982,202
4983,201
4984,204
4985,208
4986,248
4987,245
4988,243
4989,234
4990,229
4991,224
4992,248
4993,204
4994,204
4995,196
4996,205
4997,194
4998,202
4999,224
5000,242
5001,248
5002,241
5003,232
5004,227
5005,226
5006,249
5007,228
5008,245
5009,238
5010,270
5011,256
5012,264
5013,252
5014,241
5015,234
5016,270
5017,220
5018,220
5019,218
5020,223
5021,214
5022,206
5023,235
5024,239
5025,253
5026,248
5027,245
5028,240
5029,237
5030,245
5031,247
5032,242
5033,231
5034,264
5035,267
5036,266
5037,257
5038,249
5039,240
5040,267
5041,213
5042,205
5043,208
5044,221
5045,222
5046,222
5047,230
5048,226
5049,233
5050,242
5051,245
5052,234
5053,227
5054,249
5055,244
5056,236
5057,226
5058,242
5059,253
5060,252
5061,234
5062,233
5063,231
5064,253
5065,216
5066,210
5067,211
5068,219
5069,214
5070,201
5071,232
5072,242
5073,241
5074,227
5075,229
5076,226
5077,214
5078,226
5079,232
5080,221
5081,226
5082,256
5083,254
5084,249
5085,237
5086,232
5087,217
5088,256
5089,216
5090,212
5091,211
5092,229
5093,217
5094,219
5095,222
5096,231
5097,229
5098,238
5099,249
5100,237
5101,231
5102,250
5103,245
5104,245
5105,233
5106,264
5107,263
5108,248
5109,238
5110,229
5111,223
5112,264
5113,205
5114,201
5115,201
5116,208
5117,195
5118,186
5119,199
5120,203
5121,205
5122,203
5123,202
5124,195
5125,188
5126,207
5127,205
5128,197
5129,203
5130,240
5131,239
5132,238
5133,232
5134,223
5135,210
5136,240
5137,190
5138,193
5139,189
5140,193
5141,181
5142,182
5143,168
5144,178
5145,167
5146,186
5147,169
5148,202
5149,168
5150,172
5151,204
5152,206
5153,202
5154,200
5155,185
5156,190
5157,184
5158,178
5159,170
5160,206
5161,174
5162,161
5163,177
5164,180
5165,178
5166,205
5167,217
5168,214
5169,224
5170,225
5171,226
5172,225
5173,234
5174,241
5175,244
5176,234
5177,232
5178,255
5179,263
5180,241
5181,231
5182,226
5183,215
5184,263
5185,212
5186,208
5187,209
5188,210
5189,200
5190,197
5191,224
5192,229
5193,230
5194,233
5195,230
5196,222
5197,217
5198,227
5199,240
5200,242
5201,241
5202,267
5203,255
5204,256
5205,246
5206,234
5207,234
5208,267
5209,217
5210,209
5211,209
5212,219
5213,219
5214,222
5215,235
5216,242
5217,236
5218,249
5219,244
5220,246
5221,241
5222,247
5223,257
5224,249
5225,242
5226,278
5227,274
5228,264
5229,256
5230,239
5231,228
5232,278
5233,219
5234,216
5235,213
5236,226
5237,214
5238,221
5239,234
5240,247
5241,242
5242,241
5243,232
5244,213
5245,215
5246,225
5247,257
5248,226
5249,227
5250,259
5251,254
5252,252
5253,243
5254,230
5255,221
5256,259
5257,214
5258,210
5259,210
5260,207
5261,218
5262,221
5263,238
5264,232
5265,224
5266,234
5267,185
5268,191
5269,233
5270,241
5271,248
5272,238
5273,236
5274,264
5275,262
5276,245
5277,242
5278,224
5279,220
5280,264
5281,209
5282,214
5283,212
5284,214
5285,200
5286,197
5287,208
5288,216
5289,218
5290,217
5291,222
5292,210
5293,216
5294,210
5295,214
5296,217
5297,227
5298,261
5299,259
5300,257
5301,245
5302,234
5303,226
5304,261
5305,213
5306,202
5307,198
5308,207
5309,200
5310,192
5311,194
5312,194
5313,187
5314,184
5315,193
5316,196
5317,191
5318,194
5319,186
5320,203
5321,209
5322,243
5323,243
5324,241
5325,241
5326,227
5327,218
5328,243
5329,200
5330,197
5331,198
5332,206
5333,207
5334,212
5335,234
5336,250
5337,246
5338,252
5339,245
5340,250
5341,255
5342,268
5343,271
5344,260
5345,257
5346,283
5347,278
5348,271
5349,265
5350,254
5351,244
5352,283
5353,229
5354,221
5355,218
5356,224
5357,217
5358,228
5359,225
5360,239
5361,247
5362,239
5363,241
5364,221
5365,220
5366,240
5367,244
5368,242
5369,236
5370,270
5371,258
5372,261
5373,248
5374,238
5375,229
5376,270
5377,216
5378,211
5379,209
5380,219
5381,222
5382,216
5383,237
5384,242
5385,243
5386,241
5387,239
5388,235
5389,228
5390,249
5391,254
5392,253
5393,243
5394,265
5395,256
5396,250
5397,235
5398,236
5399,231
5400,265
5401,222
5402,214
5403,205
5404,219
5405,221
5406,229
5407,233
5408,233
5409,230
5410,231
5411,228
5412,224
5413,223
5414,232
5415,231
5416,227
5417,232
5418,248
5419,244
5420,242
5421,230
5422,218
5423,213
5424,248
5425,200
5426,196
5427,188
5428,186
5429,171
5430,166
5431,168
5432,178
5433,185
5434,193
5435,186
5436,183
5437,187
5438,198
5439,201
5440,213
5441,208
5442,251
5443,233
5444,234
5445,228
5446,214
5447,203
5448,251
5449,180
5450,191
5451,186
5452,193
5453,193
5454,188
5455,187
5456,197
5457,207
5458,199
5459,200
5460,200
5461,198
5462,207
5463,209
5464,198
5465,210
5466,247
5467,248
5468,244
5469,235
5470,213
5471,210
5472,248
5473,204
5474,201
5475,202
5476,206
5477,197
5478,188
5479,195
5480,189
5481,183
5482,187
5483,175
5484,187
5485,181
5486,185
5487,187
5488,189
5489,194
5490,224
5491,224
5492,223
5493,214
5494,204
5495,191
5496,224
5497,181
5498,183
5499,185
5500,192
5501,186
5502,183
5503,199
5504,209
5505,233
5506,238
5507,231
5508,221
5509,227
5510,234
5511,238
5512,233
5513,221
5514,251
5515,249
5516,242
5517,231
5518,221
5519,211
5520,251
5521,189
5522,188
5523,199
5524,202
5525,192
5526,208
5527,224
5528,226
5529,220
5530,230
5531,219
5532,216
5533,220
5534,232
5535,236
5536,226
5537,221
5538,262
5539,259
5540,250
5541,233
5542,220
5543,209
5544,262
5545,196
5546,189
5547,192
5548,203
5549,192
5550,190
5551,208
5552,228
5553,234
5554,237
5555,233
5556,227
5557,227
5558,247
5559,239
5560,233
5561,234
5562,238
5563,257
5564,257
5565,250
5566,240
5567,233
5568,257
5569,211
5570,211
5571,208
5572,218
5573,211
5574,216
5575,218
5576,238
5577,235
5578,249
5579,245
5580,230
5581,235
5582,248
5583,224
5584,236
5585,244
5586,273
5587,269
5588,265
5589,253
5590,245
5591,237
5592,273
5593,219
5594,219
5595,207
5596,215
5597,207
5598,211
5599,224
5600,240
5601,224
5602,234
5603,240
5604,226
5605,231
5606,239
5607,238
5608,235
5609,239
5610,261
5611,272
5612,262
5613,246
5614,235
5615,225
5616,272
5617,200
5618,210
5619,206
5620,207
5621,204
5622,204
5623,208
5624,209
5625,207
5626,201
5627,196
5628,196
5629,214
5630,200
5631,191
5632,196
5633,210
5634,244
5635,256
5636,244
5637,238
5638,225
5639,212
5640,256
5641,204
5642,203
5643,202
5644,202
5645,190
5646,191
5647,181
5648,175
5649,178
5650,180
5651,179
5652,185
5653,176
5654,185
5655,195
5656,198
5657,219
5658,242
5659,242
5660,239
5661,227
5662,217
5663,206
5664,242
5665,193
5666,182
5667,186
5668,201
5669,199
5670,212
5671,220
5672,223
5673,224
5674,229
5675,231
5676,224
5677,225
5678,243
5679,246
5680,254
5681,258
5682,289
5683,279
5684,271
5685,247
5686,230
5687,237
5688,289
5689,215
5690,211
5691,207
5692,209
5693,216
5694,224
5695,246
5696,248
5697,250
5698,249
5699,236
5700,227
5701,224
5702,241
5703,250
5704,238
5705,244
5706,272
5707,267
5708,261
5709,251
5710,234
5711,230
5712,272
5713,212
5714,209
5715,198
5716,220
5717,214
5718,215
5719,233
5720,231
5721,230
5722,232
5723,262
5724,243
5725,233
5726,243
5727,253
5728,241
5729,227
5730,266
5731,254
5732,252
5733,240
5734,227
5735,215
5736,266
5737,221
5738,215
5739,212
5740,219
5741,207
5742,207
5743,226
5744,219
5745,231
5746,228
5747,235
5748,230
5749,233
5750,238
5751,245
5752,236
5753,230
5754,264
5755,262
5756,262
5757,254
5758,261
5759,235
5760,264
5761,216
5762,215
5763,216
5764,230
5765,213
5766,217
5767,231
5768,236
5769,246
5770,253
5771,251
5772,242
5773,242
5774,261
5775,272
5776,250
5777,252
5778,279
5779,277
5780,262
5781,246
5782,239
5783,227
5784,279
5785,218
5786,214
5787,211
5788,202
5789,196
5790,195
5791,205
5792,216
5793,220
5794,221
5795,216
5796,210
5797,218
5798,218
5799,222
5800,221
5801,217
5802,256
5803,256
5804,251
5805,250
5806,251
5807,240
5808,256
5809,227
5810,217
5811,215
5812,224
5813,207
5814,212
5815,202
5816,205
5817,202
5818,185
5819,210
5820,201
5821,206
5822,208
5823,212
5824,209
5825,210
5826,251
5827,245
5828,249
5829,238
5830,230
5831,221
5832,251
5833,208
5834,201
5835,196
5836,214
5837,205
5838,210
5839,237
5840,240
5841,239
5842,246
5843,243
5844,234
5845,241
5846,246
5847,262
5848,249
5849,241
5850,268
5851,267
5852,260
5853,267
5854,236
5855,228
5856,268
5857,219
5858,210
5859,207
5860,221
5861,214
5862,215
5863,229
5864,236
5865,245
5866,244
5867,238
5868,236
5869,228
5870,245
5871,238
5872,242
5873,237
5874,261
5875,257
5876,254
5877,251
5878,236
5879,227
5880,261
5881,211
5882,205
5883,205
5884,210
5885,211
5886,218
5887,232
5888,243
5889,245
5890,235
5891,236
5892,229
5893,224
5894,232
5895,235
5896,211
5897,209
5898,268
5899,255
5900,250
5901,244
5902,236
5903,224
5904,268
5905,212
5906,204
5907,211
5908,215
5909,210
5910,212
5911,233
5912,242
5913,259
5914,247
5915,240
5916,234
5917,235
5918,248
5919,248
5920,238
5921,240
5922,272
5923,266
5924,263
5925,258
5926,246
5927,236
5928,272
5929,227
5930,223
5931,221
5932,228
5933,229
5934,214
5935,238
5936,245
5937,247
5938,256
5939,249
5940,237
5941,249
5942,261
5943,258
5944,246
5945,247
5946,265
5947,266
5948,262
5949,258
5950,251
5951,244
5952,266
5953,244
5954,230
5955,225
5956,229
5957,211
5958,202
5959,203
5960,218
5961,227
5962,229
5963,225
5964,212
5965,218
5966,226
5967,224
5968,222
5969,240
5970,263
5971,265
5972,259
5973,256
5974,251
5975,235
5976,265
5977,227
5978,221
5979,209
5980,229
5981,213
5982,206
5983,194
5984,190
5985,195
5986,203
5987,212
5988,209
5989,209
5990,213
5991,211
5992,210
5993,218
5994,240
5995,239
5996,242
5997,237
5998,226
5999,219
6000,242
6001,218
6002,207
6003,203
6004,210
6005,206
6006,202
6007,228
6008,251
6009,257
6010,262
6011,260
6012,255
6013,257
6014,278
6015,277
6016,260
6017,257
6018,269
6019,255
6020,251
6021,247
6022,247
6023,247
6024,278
6025,224
6026,224
6027,218
6028,230
6029,232
6030,232
6031,236
6032,247
6033,253
6034,256
6035,264
6036,249
6037,255
6038,268
6039,268
6040,259
6041,239
6042,273
6043,266
6044,269
6045,255
6046,245
6047,236
6048,273
6049,223
6050,220
6051,217
6052,218
6053,208
6054,208
6055,236
6056,251
6057,235
6058,198
6059,264
6060,251
6061,244
6062,316
6063,332
6064,166
6065,220
6066,244
6067,253
6068,256
6069,253
6070,242
6071,238
6072,332
6073,223
6074,215
6075,209
6076,209
6077,203
6078,210
6079,225
6080,240
6081,243
6082,235
6083,233
6084,228
6085,233
6086,239
6087,242
6088,235
6089,223
6090,258
6091,253
6092,255
6093,238
6094,233
6095,233
6096,258
6097,227
6098,222
6099,199
6100,211
6101,205
6102,197
6103,207
6104,226
6105,215
6106,207
6107,221
6108,212
6109,218
6110,196
6111,235
6112,223
6113,236
6114,261
6115,258
6116,254
6117,243
6118,230
6119,223
6120,261
6121,207
6122,202
6123,200
6124,206
6125,192
6126,196
6127,200
6128,200
6129,197
6130,215
6131,207
6132,215
6133,216
6134,216
6135,207
6136,204
6137,207
6138,241
6139,236
6140,232
6141,227
6142,223
6143,214
6144,241
6145,200
6146,189
6147,189
6148,200
6149,179
6150,183
6151,190
6152,183
6153,189
6154,190
6155,190
6156,180
6157,188
6158,194
6159,200
6160,203
6161,208
6162,247
6163,245
6164,237
6165,230
6166,224
6167,216
6168,247
6169,196
6170,195
6171,190
6172,202
6173,187
6174,192
6175,208
6176,216
6177,229
6178,228
6179,221
6180,218
6181,216
6182,240
6183,251
6184,256
6185,238
6186,219
6187,230
6188,226
6189,217
6190,212
6191,208
6192,256
6193,195
6194,190
6195,191
6196,200
6197,230
6198,210
6199,232
6200,240
6201,241
6202,235
6203,235
6204,230
6205,226
6206,235
6207,237
6208,226
6209,251
6210,275
6211,266
6212,252
6213,242
6214,237
6215,246
6216,275
6217,226
6218,228
6219,211
6220,220
6221,219
6222,210
6223,218
6224,231
6225,237
6226,233
6227,217
6228,242
6229,230
6230,251
6231,256
6232,246
6233,248
6234,262
6235,259
6236,255
6237,251
6238,237
6239,226
6240,262
6241,214
6242,209
6243,207
6244,215
6245,221
6246,207
6247,218
6248,229
6249,225
6250,228
6251,229
6252,215
6253,235
6254,258
6255,256
6256,252
6257,251
6258,270
6259,277
6260,264
6261,248
6262,239
6263,237
6264,277
6265,224
6266,220
6267,216
6268,231
6269,231
6270,217
6271,230
6272,239
6273,247
6274,242
6275,237
6276,224
6277,232
6278,231
6279,240
6280,239
6281,245
6282,269
6283,264
6284,261
6285,252
6286,245
6287,241
6288,269
6289,213
6290,214
6291,204
6292,212
6293,192
6294,190
6295,194
6296,195
6297,196
6298,188
6299,208
6300,203
6301,216
6302,225
6303,216
6304,221
6305,243
6306,265
6307,270
6308,266
6309,262
6310,257
6311,233
6312,270
6313,229
6314,214
6315,212
6316,211
6317,190
6318,187
6319,171
6320,171
6321,168
6322,175
6323,178
6324,182
6325,178
6326,192
6327,193
6328,198
6329,221
6330,259
6331,257
6332,257
6333,242
6334,234
6335,208
6336,259
6337,211
6338,208
6339,214
6340,220
6341,222
6342,212
6343,229
6344,232
6345,237
6346,239
6347,239
6348,227
6349,231
6350,277
6351,256
6352,258
6353,265
6354,275
6355,275
6356,268
6357,253
6358,242
6359,233
6360,277
6361,221
6362,220
6363,218
6364,228
6365,229
6366,211
6367,227
6368,247
6369,239
6370,238
6371,241
6372,238
6373,226
6374,241
6375,246
6376,244
6377,249
6378,274
6379,262
6380,272
6381,246
6382,231
6383,222
6384,274
6385,212
6386,205
6387,202
6388,210
6389,214
6390,203
6391,209
6392,221
6393,220
6394,220
6395,215
6396,212
6397,218
6398,220
6399,227
6400,223
6401,236
6402,265
6403,258
6404,257
6405,250
6406,238
6407,229
6408,265
6409,207
6410,198
6411,205
6412,211
6413,219
6414,215
6415,233
6416,243
6417,214
6418,225
6419,231
6420,223
6421,220
6422,249
6423,248
6424,248
6425,255
6426,268
6427,266
6428,261
6429,250
6430,240
6431,227
6432,268
6433,219
6434,214
6435,208
6436,224
6437,106
6438,189
6439,212
6440,236
6441,230
6442,222
6443,226
6444,233
6445,210
6446,246
6447,266
6448,251
6449,245
6450,251
6451,262
6452,259
6453,248
6454,242
6455,228
6456,266
6457,213
6458,210
6459,206
6460,213
6461,189
6462,183
6463,189
6464,191
6465,202
6466,206
6467,201
6468,202
6469,193
6470,205
6471,206
6472,201
6473,227
6474,243
6475,243
6476,241
6477,238
6478,230
6479,222
6480,243
6481,206
6482,196
6483,193
6484,196
6485,198
6486,187
6487,187
6488,155
6489,179
6490,181
6491,184
6492,184
6493,183
6494,191
6495,221
6496,211
6497,209
6498,241
6499,231
6500,235
6501,226
6502,216
6503,208
6504,241
6505,190
6506,184
6507,191
6508,200
6509,196
6510,196
6511,216
6512,218
6513,217
6514,248
6515,230
6516,248
6517,244
6518,262
6519,263
6520,257
6521,274
6522,288
6523,278
6524,271
6525,253
6526,257
6527,251
6528,288
6529,232
6530,224
6531,202
6532,238
6533,241
6534,224
6535,243
6536,260
6537,261
6538,266
6539,260
6540,243
6541,249
6542,255
6543,265
6544,255
6545,265
6546,270
6547,273
6548,271
6549,271
6550,264
6551,255
6552,273
6553,238
6554,231
6555,227
6556,234
6557,229
6558,221
6559,233
6560,246
6561,254
6562,257
6563,226
6564,222
6565,217
6566,240
6567,250
6568,237
6569,263
6570,266
6571,267
6572,259
6573,250
6574,241
6575,230
6576,267
6577,226
6578,219
6579,213
6580,234
6581,232
6582,219
6583,233
6584,238
6585,246
6586,238
6587,247
6588,238
6589,238
6590,245
6591,265
6592,260
6593,267
6594,288
6595,279
6596,272
6597,265
6598,252
6599,251
6600,288
6601,247
6602,236
6603,234
6604,251
6605,242
6606,231
6607,246
6608,242
6609,240
6610,247
6611,248
6612,238
6613,260
6614,266
6615,264
6616,268
6617,286
6618,298
6619,297
6620,296
6621,284
6622,277
6623,270
6624,298
6625,252
6626,250
6627,243
6628,243
6629,214
6630,210
6631,219
6632,228
6633,230
6634,234
6635,231
6636,234
6637,242
6638,243
6639,240
6640,233
6641,263
6642,285
6643,281
6644,278
6645,276
6646,289
6647,256
6648,289
6649,236
6650,237
6651,247
6652,238
6653,219
6654,213
6655,197
6656,210
6657,208
6658,205
6659,201
6660,206
6661,205
6662,203
6663,188
6664,190
6665,230
6666,242
6667,241
6668,253
6669,227
6670,215
6671,212
6672,253
6673,200
6674,194
6675,196
6676,207
6677,189
6678,182
6679,222
6680,242
6681,239
6682,237
6683,244
6684,239
6685,177
6686,273
6687,271
6688,265
6689,280
6690,278
6691,274
6692,271
6693,263
6694,257
6695,250
6696,280
6697,236
6698,237
6699,231
6700,247
6701,207
6702,235
6703,228
6704,248
6705,250
6706,260
6707,198
6708,223
6709,230
6710,236
6711,217
6712,212
6713,262
6714,252
6715,257
6716,252
6717,233
6718,227
6719,227
6720,262
6721,218
6722,212
6723,212
6724,223
6725,218
6726,182
6727,222
6728,228
6729,226
6730,229
6731,222
6732,224
6733,229
6734,244
6735,231
6736,238
6737,260
6738,266
6739,252
6740,250
6741,232
6742,238
6743,229
6744,266
6745,227
6746,221
6747,218
6748,234
6749,239
6750,218
6751,238
6752,245
6753,248
6754,247
6755,235
6756,241
6757,245
6758,260
6759,266
6760,247
6761,275
6762,287
6763,290
6764,270
6765,267
6766,256
6767,246
6768,290
6769,238
6770,229
6771,231
6772,237
6773,242
6774,227
6775,250
6776,263
6777,257
6778,259
6779,259
6780,263
6781,273
6782,274
6783,286
6784,253
6785,257
6786,238
6787,249
6788,268
6789,257
6790,244
6791,239
6792,286
6793,227
6794,226
6795,223
6796,236
6797,222
6798,185
6799,197
6800,206
6801,207
6802,218
6803,224
6804,198
6805,211
6806,238
6807,244
6808,223
6809,249
6810,266
6811,261
6812,262
6813,252
6814,242
6815,241
6816,266
6817,223
6818,217
6819,215
6820,227
6821,198
6822,211
6823,204
6824,198
6825,195
6826,195
6827,191
6828,196
6829,192
6830,194
6831,188
6832,205
6833,234
6834,244
6835,237
6836,234
6837,225
6838,210
6839,201
6840,244
6841,190
6842,183
6843,180
6844,197
6845,197
6846,185
6847,206
6848,226
6849,230
6850,237
6851,234
6852,244
6853,244
6854,257
6855,266
6856,252
6857,278
6858,280
6859,277
6860,268
6861,259
6862,258
6863,249
6864,280
6865,223
6866,226
6867,223
6868,233
6869,233
6870,221
6871,238
6872,252
6873,251
6874,254
6875,256
6876,254
6877,248
6878,270
6879,266
6880,263
6881,285
6882,287
6883,278
6884,275
6885,269
6886,262
6887,254
6888,287
6889,238
6890,232
6891,234
6892,242
6893,234
6894,208
6895,246
6896,258
6897,259
6898,262
6899,254
6900,267
6901,247
6902,278
6903,280
6904,127
6905,269
6906,270
6907,266
6908,265
6909,264
6910,259
6911,251
6912,280
6913,223
6914,228
6915,221
6916,238
6917,234
6918,218
6919,240
6920,249
6921,248
6922,252
6923,245
6924,237
6925,245
6926,274
6927,274
6928,276
6929,295
6930,286
6931,277
6932,285
6933,275
6934,267
6935,258
6936,295
6937,241
6938,239
6939,234
6940,241
6941,194
6942,217
6943,240
6944,251
6945,254
6946,249
6947,245
6948,232
6949,237
6950,256
6951,268
6952,271
6953,282
6954,283
6955,273
6956,261
6957,245
6958,267
6959,268
6960,283
6961,284
6962,250
6963,248
6964,258
6965,192
6966,184
6967,215
6968,219
6969,220
6970,237
6971,231
6972,228
6973,231
6974,248
6975,243
6976,226
6977,271
6978,272
6979,262
6980,275
6981,270
6982,262
6983,253
6984,284
6985,247
6986,247
6987,246
6988,249
6989,221
6990,219
6991,200
6992,205
6993,210
6994,208
6995,214
6996,221
6997,225
6998,220
6999,227
7000,235
7001,274
7002,264
7003,271
7004,287
7005,282
7006,273
7007,266
7008,287
7009,239
7010,231
7011,228
7012,241
7013,226
7014,227
7015,247
7016,248
7017,258
7018,266
7019,244
7020,237
7021,242
7022,272
7023,285
7024,276
7025,294
7026,295
7027,298
7028,297
7029,296
7030,285
7031,276
7032,298
7033,265
7034,267
7035,261
7036,269
7037,251
7038,234
7039,267
7040,277
7041,286
7042,284
7043,277
7044,287
7045,279
7046,298
7047,312
7048,301
7049,312
7050,303
7051,294
7052,298
7053,302
7054,295
7055,295
7056,312
7057,268
7058,259
7059,256
7060,263
7061,233
7062,239
7063,267
7064,274
7065,278
7066,266
7067,284
7068,275
7069,271
7070,286
7071,298
7072,289
7073,292
7074,297
7075,295
7076,296
7077,287
7078,284
7079,278
7080,298
7081,263
7082,254
7083,252
7084,246
7085,214
7086,228
7087,240
7088,266
7089,248
7090,258
7091,272
7092,267
7093,259
7094,265
7095,270
7096,249
7097,283
7098,285
7099,278
7100,284
7101,283
7102,270
7103,262
7104,285
7105,245
7106,242
7107,236
7108,246
7109,238
7110,220
7111,223
7112,240
7113,251
7114,241
7115,253
7116,233
7117,242
7118,255
7119,275
7120,264
7121,268
7122,286
7123,285
7124,285
7125,275
7126,273
7127,272
7128,286
7129,254
7130,247
7131,242
7132,253
7133,225
7134,179
7135,217
7136,233
7137,236
7138,239
7139,233
7140,240
7141,242
7142,235
7143,248
7144,244
7145,269
7146,277
7147,282
7148,280
7149,284
7150,282
7151,271
7152,284
7153,252
7154,237
7155,237
7156,237
7157,226
7158,212
7159,206
7160,237
7161,213
7162,217
7163,207
7164,216
7165,219
7166,240
7167,231
7168,227
7169,258
7170,272
7171,274
7172,276
7173,278
7174,278
7175,257
7176,278
7177,244
7178,243
7179,243
7180,244
7181,225
7182,227
7183,258
7184,281
7185,281
7186,275
7187,277
7188,267
7189,268
7190,287
7191,299
7192,287
7193,299
7194,296
7195,297
7196,294
7197,296
7198,289
7199,267
7200,299
7201,253
7202,253
7203,243
7204,248
7205,230
7206,238
7207,256
7208,272
7209,264
7210,265
7211,260
7212,251
7213,260
7214,287
7215,291
7216,272
7217,281
7218,281
7219,274
7220,268
7221,263
7222,259
7223,254
7224,291
7225,254
7226,253
7227,245
7228,252
7229,236
7230,243
7231,261
7232,268
7233,265
7234,270
7235,264
7236,277
7237,274
7238,291
7239,297
7240,284
7241,315
7242,309
7243,301
7244,305
7245,303
7246,287
7247,274
7248,315
7249,265
7250,261
7251,257
7252,250
7253,237
7254,245
7255,269
7256,281
7257,264
7258,292
7259,277
7260,276
7261,283
7262,299
7263,310
7264,281
7265,311
7266,292
7267,290
7268,299
7269,291
7270,286
7271,274
7272,311
7273,265
7274,254
7275,252
7276,255
7277,243
7278,238
7279,269
7280,262
7281,278
7282,271
7283,281
7284,272
7285,276
7286,288
7287,302
7288,290
7289,301
7290,299
7291,290
7292,298
7293,283
7294,282
7295,266
7296,302
7297,268
7298,263
7299,259
7300,245
7301,226
7302,206
7303,207
7304,208
7305,215
7306,219
7307,224
7308,221
7309,224
7310,227
7311,234
7312,234
7313,269
7314,273
7315,272
7316,276
7317,277
7318,273
7319,264
7320,277
7321,255
7322,245
7323,244
7324,249
7325,219
7326,194
7327,204
7328,212
7329,210
7330,203
7331,211
7332,215
7333,224
7334,229
7335,225
7336,215
7337,258
7338,273
7339,274
7340,279
7341,279
7342,267
7343,252
7344,279
7345,251
7346,245
7347,236
7348,233
7349,236
7350,227
7351,246
7352,268
7353,268
7354,276
7355,278
7356,266
7357,256
7358,262
7359,271
7360,260
7361,290
7362,283
7363,281
7364,273
7365,267
7366,270
7367,262
7368,290
7369,245
7370,235
7371,240
7372,247
7373,241
7374,227
7375,249
7376,266
7377,243
7378,255
7379,253
7380,239
7381,270
7382,275
7383,284
7384,277
7385,300
7386,295
7387,298
7388,292
7389,287
7390,284
7391,281
7392,300
7393,263
7394,259
7395,249
7396,256
7397,244
7398,228
7399,250
7400,273
7401,272
7402,277
7403,273
7404,251
7405,276
7406,278
7407,294
7408,278
7409,299
7410,307
7411,274
7412,266
7413,278
7414,268
7415,259
7416,307
7417,240
7418,238
7419,236
7420,244
7421,239
7422,228
7423,245
7424,266
7425,266
7426,271
7427,250
7428,254
7429,252
7430,270
7431,283
7432,267
7433,292
7434,274
7435,280
7436,279
7437,272
7438,269
7439,268
7440,292
7441,246
7442,245
7443,237
7444,241
7445,235
7446,226
7447,242
7448,245
7449,246
7450,247
7451,247
7452,249
7453,253
7454,252
7455,258
7456,264
7457,283
7458,293
7459,293
7460,282
7461,269
7462,264
7463,260
7464,293
7465,211
7466,238
7467,218
7468,238
7469,218
7470,223
7471,216
7472,227
7473,236
7474,206
7475,211
7476,219
7477,230
7478,231
7479,237
7480,244
7481,284
7482,286
7483,288
7484,288
7485,288
7486,281
7487,271
7488,288
7489,254
7490,250
7491,241
7492,237
7493,222
7494,195
7495,197
7496,184
7497,197
7498,194
7499,210
7500,207
7501,215
7502,224
7503,243
7504,215
7505,272
7506,273
7507,272
7508,274
7509,272
7510,261
7511,249
7512,274
7513,238
7514,232
7515,225
7516,237
7517,200
7518,198
7519,234
7520,257
7521,261
7522,269
7523,253
7524,258
7525,263
7526,281
7527,306
7528,284
7529,302
7530,296
7531,292
7532,296
7533,294
7534,286
7535,281
7536,306
7537,263
7538,256
7539,249
7540,258
7541,246
7542,233
7543,258
7544,261
7545,273
7546,279
7547,247
7548,259
7549,257
7550,277
7551,289
7552,282
7553,299
7554,300
7555,293
7556,293
7557,280
7558,276
7559,265
7560,300
7561,252
7562,246
7563,240
7564,241
7565,226
7566,210
7567,248
7568,241
7569,244
7570,255
7571,258
7572,255
7573,259
7574,264
7575,276
7576,252
7577,280
7578,274
7579,271
7580,278
7581,274
7582,272
7583,263
7584,280
7585,245
7586,236
7587,235
7588,236
7589,227
7590,202
7591,208
7592,215
7593,221
7594,226
7595,224
7596,222
7597,225
7598,229
7599,236
7600,235
7601,267
7602,271
7603,264
7604,262
7605,251
7606,246
7607,232
7608,271
7609,223
7610,215
7611,216
7612,222
7613,220
7614,196
7615,188
7616,225
7617,251
7618,244
7619,248
7620,247
7621,248
7622,270
7623,280
7624,294
7625,301
7626,303
7627,284
7628,278
7629,273
7630,274
7631,266
7632,303
7633,247
7634,243
7635,231
7636,242
7637,214
7638,205
7639,209
7640,222
7641,224
7642,228
7643,229
7644,221
7645,206
7646,229
7647,235
7648,224
7649,258
7650,265
7651,262
7652,260
7653,256
7654,252
7655,250
7656,265
7657,231
7658,218
7659,222
7660,230
7661,200
7662,200
7663,184
7664,184
7665,184
7666,184
7667,180
7668,186
7669,205
7670,210
7671,220
7672,212
7673,245
7674,255
7675,259
7676,259
7677,253
7678,249
7679,241
7680,259
7681,227
7682,218
7683,215
7684,222
7685,220
7686,213
7687,238
7688,251
7689,261
7690,260
7691,258
7692,244
7693,249
7694,269
7695,269
7696,259
7697,295
7698,286
7699,283
7700,277
7701,280
7702,280
7703,266
7704,295
7705,258
7706,252
7707,247
7708,259
7709,230
7710,228
7711,244
7712,264
7713,264
7714,270
7715,263
7716,261
7717,257
7718,275
7719,283
7720,274
7721,294
7722,300
7723,286
7724,286
7725,283
7726,271
7727,264
7728,300
7729,249
7730,239
7731,236
7732,245
7733,236
7734,224
7735,249
7736,259
7737,259
7738,271
7739,267
7740,258
7741,268
7742,284
7743,296
7744,272
7745,303
7746,299
7747,295
7748,262
7749,284
7750,280
7751,276
7752,303
7753,262
7754,252
7755,242
7756,253
7757,237
7758,221
7759,250
7760,264
7761,271
7762,264
7763,264
7764,260
7765,259
7766,272
7767,281
7768,273
7769,298
7770,284
7771,270
7772,278
7773,278
7774,277
7775,274
7776,298
7777,255
7778,247
7779,236
7780,252
7781,244
7782,229
7783,253
7784,268
7785,276
7786,274
7787,281
7788,278
7789,282
7790,294
7791,296
7792,279
7793,300
7794,292
7795,300
7796,294
7797,295
7798,292
7799,287
7800,300
7801,264
7802,259
7803,264
7804,243
7805,233
7806,210
7807,215
7808,234
7809,240
7810,249
7811,239
7812,242
7813,241
7814,245
7815,262
7816,248
7817,265
7818,278
7819,280
7820,281
7821,280
7822,277
7823,278
7824,281
7825,262
7826,247
7827,248
7828,240
7829,179
7830,167
7831,175
7832,176
7833,172
7834,178
7835,183
7836,185
7837,209
7838,189
7839,221
7840,208
7841,232
7842,261
7843,259
7844,264
7845,262
7846,254
7847,248
7848,269
7849,231
7850,226
7851,225
7852,238
7853,225
7854,198
7855,237
7856,252
7857,267
7858,268
7859,260
7860,262
7861,262
7862,283
7863,279
7864,272
7865,297
7866,288
7867,283
7868,286
7869,282
7870,270
7871,264
7872,297
7873,245
7874,240
7875,238
7876,246
7877,236
7878,216
7879,245
7880,265
7881,266
7882,272
7883,270
7884,263
7885,265
7886,250
7887,284
7888,264
7889,286
7890,293
7891,286
7892,291
7893,293
7894,280
7895,267
7896,293
7897,258
7898,254
7899,249
7900,252
7901,247
7902,231
7903,250
7904,259
7905,265
7906,281
7907,279
7908,270
7909,279
7910,287
7911,295
7912,286
7913,304
7914,305
7915,304
7916,298
7917,298
7918,295
7919,283
7920,305
7921,264
7922,257
7923,252
7924,260
7925,250
7926,238
7927,249
7928,263
7929,269
7930,273
7931,222
7932,238
7933,244
7934,285
7935,289
7936,290
7937,312
7938,304
7939,299
7940,299
7941,295
7942,290
7943,292
7944,312
7945,265
7946,266
7947,251
7948,270
7949,270
7950,251
7951,273
7952,280
7953,282
7954,291
7955,281
7956,284
7957,268
7958,288
7959,274
7960,287
7961,307
7962,280
7963,307
7964,311
7965,306
7966,294
7967,289
7968,311
7969,252
7970,263
7971,257
7972,260
7973,236
7974,217
7975,223
7976,245
7977,253
7978,247
7979,255
7980,252
7981,255
7982,247
7983,256
7984,268
7985,294
7986,295
7987,298
7988,299
7989,299
7990,280
7991,278
7992,299
7993,269
7994,266
7995,259
7996,267
7997,239
7998,216
7999,226
8000,200
8001,221
8002,216
8003,206
8004,215
8005,229
8006,241
8007,249
8008,244
8009,277
8010,284
8011,289
8012,288
8013,287
8014,283
8015,267
8016,289
8017,262
8018,259
8019,259
8020,258
8021,259
8022,244
8023,256
8024,280
8025,271
8026,282
8027,275
8028,274
8029,278
8030,292
8031,297
8032,296
8033,321
8034,311
8035,304
8036,309
8037,314
8038,304
8039,294
8040,321
8041,286
8042,277
8043,268
8044,272
8045,231
8046,231
8047,252
8048,268
8049,284
8050,276
8051,279
8052,254
8053,272
8054,296
8055,307
8056,290
8057,314
8058,290
8059,312
8060,317
8061,293
8062,312
8063,301
8064,317
8065,284
8066,279
8067,277
8068,283
8069,264
8070,256
8071,283
8072,296
8073,282
8074,292
8075,299
8076,297
8077,295
8078,310
8079,310
8080,286
8081,308
8082,314
8083,309
8084,312
8085,304
8086,306
8087,303
8088,314
8089,285
8090,274
8091,279
8092,287
8093,228
8094,204
8095,271
8096,277
8097,282
8098,291
8099,288
8100,277
8101,293
8102,305
8103,306
8104,298
8105,310
8106,314
8107,310
8108,310
8109,307
8110,304
8111,298
8112,314
8113,276
8114,270
8115,268
8116,281
8117,281
8118,269
8119,272
8120,285
8121,290
8122,289
8123,288
8124,286
8125,296
8126,300
8127,307
8128,292
8129,316
8130,324
8131,320
8132,313
8133,313
8134,307
8135,301
8136,324
8137,286
8138,268
8139,258
8140,274
8141,259
8142,229
8143,232
8144,246
8145,249
8146,257
8147,258
8148,261
8149,253
8150,258
8151,260
8152,260
8153,285
8154,296
8155,298
8156,302
8157,303
8158,299
8159,284
8160,303
8161,274
8162,263
8163,257
8164,259
8165,205
8166,227
8167,207
8168,213
8169,214
8170,218
8171,213
8172,226
8173,233
8174,238
8175,238
8176,228
8177,259
8178,286
8179,288
8180,295
8181,298
8182,286
8183,283
8184,298
8185,268
8186,262
8187,261
8188,265
8189,257
8190,250
8191,266
8192,279
8193,283
8194,290
8195,290
8196,270
8197,185
8198,222
8199,238
8200,247
8201,277
8202,280
8203,280
8204,272
8205,260
8206,249
8207,251
8208,290
8209,239
8210,232
8211,232
8212,245
8213,252
8214,254
8215,254
8216,258
8217,258
8218,257
8219,261
8220,251
8221,255
8222,249
8223,247
8224,243
8225,300
8226,277
8227,292
8228,291
8229,288
8230,264
8231,269
8232,300
8233,255
8234,252
8235,249
8236,256
8237,251
8238,252
8239,260
8240,267
8241,268
8242,273
8243,268
8244,267
8245,270
8246,249
8247,282
8248,259
8249,279
8250,272
8251,289
8252,295
8253,300
8254,272
8255,279
8256,300
8257,268
8258,262
8259,255
8260,253
8261,214
8262,238
8263,253
8264,268
8265,117
8266,236
8267,254
8268,248
8269,254
8270,245
8271,256
8272,266
8273,281
8274,291
8275,297
8276,291
8277,270
8278,275
8279,256
8280,297
8281,226
8282,242
8283,245
8284,256
8285,241
8286,232
8287,236
8288,248
8289,245
8290,239
8291,232
8292,223
8293,240
8294,254
8295,272
8296,274
8297,285
8298,298
8299,296
8300,303
8301,303
8302,291
8303,290
8304,303
8305,265
8306,260
8307,250
8308,254
8309,232
8310,224
8311,221
8312,229
8313,224
8314,230
8315,224
8316,230
8317,225
8318,231
8319,240
8320,240
8321,270
8322,281
8323,286
8324,285
8325,283
8326,276
8327,275
8328,286
8329,257
8330,250
8331,252
8332,247
8333,232
8334,222
8335,221
8336,212
8337,220
8338,227
8339,226
8340,226
8341,224
8342,227
8343,239
8344,231
8345,255
8346,265
8347,269
8348,280
8349,285
8350,280
8351,273
8352,285
8353,258
8354,251
8355,251
8356,257
8357,239
8358,224
8359,234
8360,250
8361,251
8362,267
8363,260
8364,283
8365,265
8366,271
8367,287
8368,280
8369,308
8370,312
8371,311
8372,312
8373,305
8374,300
8375,289
8376,312
8377,271
8378,265
8379,261
8380,268
8381,233
8382,245
8383,273
8384,261
8385,287
8386,284
8387,284
8388,286
8389,283
8390,282
8391,286
8392,288
8393,302
8394,320
8395,310
8396,301
8397,308
8398,301
8399,287
8400,320
8401,277
8402,270
8403,263
8404,267
8405,244
8406,234
8407,263
8408,279
8409,285
8410,286
8411,285
8412,281
8413,284
8414,284
8415,295
8416,294
8417,301
8418,316
8419,313
8420,313
8421,311
8422,304
8423,299
8424,316
8425,283
8426,275
8427,270
8428,276
8429,270
8430,253
8431,270
8432,282
8433,287
8434,294
8435,275
8436,273
8437,284
8438,278
8439,301
8440,300
8441,307
8442,317
8443,315
8444,310
8445,308
8446,303
8447,287
8448,317
8449,265
8450,266
8451,260
8452,266
8453,256
8454,248
8455,262
8456,282
8457,286
8458,282
8459,289
8460,279
8461,285
8462,297
8463,293
8464,285
8465,291
8466,298
8467,299
8468,307
8469,303
8470,301
8471,294
8472,307
8473,272
8474,267
8475,261
8476,266
8477,250
8478,234
8479,236
8480,250
8481,257
8482,255
8483,258
8484,241
8485,254
8486,259
8487,268
8488,261
8489,278
8490,290
8491,286
8492,286
8493,300
8494,296
8495,296
8496,300
8497,268
8498,260
8499,262
8500,252
8501,240
8502,224
8503,221
8504,221
8505,225
8506,221
8507,226
8508,227
8509,235
8510,237
8511,245
8512,236
8513,259
8514,284
8515,284
8516,289
8517,287
8518,283
8519,273
8520,289
8521,265
8522,257
8523,252
8524,259
8525,257
8526,240
8527,263
8528,269
8529,290
8530,294
8531,296
8532,298
8533,294
8534,311
8535,318
8536,307
8537,318
8538,331
8539,327
8540,329
8541,322
8542,320
8543,309
8544,331
8545,285
8546,284
8547,277
8548,279
8549,273
8550,261
8551,288
8552,295
8553,303
8554,295
8555,299
8556,288
8557,294
8558,297
8559,316
8560,309
8561,309
8562,325
8563,309
8564,320
8565,323
8566,320
8567,313
8568,325
8569,291
8570,280
8571,278
8572,280
8573,243
8574,263
8575,279
8576,297
8577,305
8578,299
8579,298
8580,297
8581,296
8582,295
8583,301
8584,290
8585,299
8586,309
8587,301
8588,297
8589,297
8590,299
8591,305
8592,309
8593,289
8594,282
8595,276
8596,270
8597,247
8598,230
8599,221
8600,223
8601,225
8602,224
8603,233
8604,224
8605,231
8606,230
8607,235
8608,229
8609,247
8610,274
8611,273
8612,276
8613,280
8614,284
8615,280
8616,295
8617,266
8618,256
8619,256
8620,259
8621,251
8622,252
8623,276
8624,292
8625,302
8626,295
8627,298
8628,293
8629,284
8630,295
8631,302
8632,293
8633,301
8634,319
8635,318
8636,318
8637,311
8638,309
8639,303
8640,319
8641,285
8642,274
8643,269
8644,274
8645,257
8646,231
8647,240
8648,251
8649,255
8650,268
8651,260
8652,259
8653,250
8654,255
8655,263
8656,263
8657,271
8658,293
8659,293
8660,291
8661,287
8662,284
8663,285
8664,296
8665,271
8666,263
8667,255
8668,261
8669,231
8670,226
8671,222
8672,220
8673,213
8674,214
8675,226
8676,227
8677,229
8678,229
8679,232
8680,226
8681,244
8682,275
8683,273
8684,277
8685,280
8686,275
8687,264
8688,280
8689,250
8690,245
8691,244
8692,247
8693,237
8694,229
8695,250
8696,276
8697,282
8698,287
8699,279
8700,283
8701,233
8702,227
8703,241
8704,239
8705,225
8706,242
8707,234
8708,256
8709,247
8710,257
8711,265
8712,287
8713,268
8714,268
8715,265
8716,266
8717,274
8718,254
8719,266
8720,290
8721,288
8722,290
8723,288
8724,287
8725,276
8726,290
8727,291
8728,285
8729,291
8730,307
8731,293
8732,305
8733,301
8734,305
8735,299
8736,307
8737,283
8738,272
8739,271
8740,277
8741,245
8742,246
8743,262
8744,277
8745,287
8746,278
8747,280
8748,267
8749,263
8750,268
8751,264
8752,262
8753,271
8754,294
8755,284
8756,286
8757,287
8758,280
8759,274
8760,294
