Hour,Technology,Charging power (MW),Discharging power (MW),State of charge (MWh)
1,Li-Ion,0.0,-0.0,0.0
1,CAES,0.0,0.0,25726.385029782607
1,PHS,0.0,528.2592448232738,26280.197176294503
1,H2,1355.6548531865103,0.0,60806.88102647319
2,Li-Ion,0.0,-0.0,-0.0
2,CAES,0.0,0.0,25726.385029782607
2,PHS,0.0,160.68402915895854,26098.491147631084
2,H2,1355.6548531865103,0.0,61706.12072512198
3,Li-Ion,0.0,-0.0,-0.0
3,CAES,1.9442106902758154e-11,0.0,25726.38502978262
3,PHS,1696.1287827434426,0.0,27598.390786561267
3,H2,-0.0,0.0,61706.12072512198
4,Li-Ion,0.0,-0.0,-0.0
4,CAES,617.0248315078334,0.0,26216.960516061976
4,PHS,0.0,0.0,27598.390786561267
4,H2,1355.6548531865103,0.0,62605.36042377078
5,Li-Ion,0.0,-0.0,-0.0
5,CAES,444.4565551032849,0.0,26570.332827054735
5,PHS,0.0,0.0,27598.390786561267
5,H2,1355.6548531865103,0.0,63504.60012241957
6,Li-Ion,0.0,-0.0,-0.0
6,CAES,-0.0,0.0,26570.332827054735
6,PHS,103.8542217754773,0.0,27690.229868196602
6,H2,1355.6548531865103,0.0,64403.839821068366
7,Li-Ion,0.0,0.0,-0.0
7,CAES,1390.4417641796122,0.0,27675.825847390137
7,PHS,2067.192126463487,0.0,29518.26365644869
7,H2,1355.6548531865103,0.0,65303.07951971716
8,Li-Ion,0.0,0.0,-0.0
8,CAES,1290.9917911771752,0.0,28702.2495720103
8,PHS,20795.41816956004,0.0,47907.81079536026
8,H2,1355.6548531865103,0.0,66202.31921836596
9,Li-Ion,-0.0,0.0,-0.0
9,CAES,1390.4417641794596,0.0,29807.74259234558
9,PHS,20795.41816956004,0.0,66297.35793427183
9,H2,1355.6548531865103,0.0,67101.55891701476
10,Li-Ion,-0.0,0.0,-0.0
10,CAES,1390.4417641794596,0.0,30913.235612680863
10,PHS,20795.41816956004,0.0,84686.9050731834
10,H2,1355.6548531865103,0.0,68000.79861566356
11,Li-Ion,-0.0,0.0,-0.0
11,CAES,1390.4417641794596,0.0,32018.728633016144
11,PHS,20795.41816956004,0.0,103076.45221209497
11,H2,1355.6548531865103,0.0,68900.03831431236
12,Li-Ion,-0.0,0.0,-0.0
12,CAES,1390.4417641794596,0.0,33124.22165335142
12,PHS,20795.41816956004,0.0,121465.99935100654
12,H2,1355.6548531865103,0.0,69799.27801296116
13,Li-Ion,-0.0,0.0,-0.0
13,CAES,1390.4417641794596,0.0,34229.7146736867
13,PHS,20795.41816956004,0.0,139855.5464899181
13,H2,1355.6548531865103,0.0,70698.51771160997
14,Li-Ion,-0.0,0.0,-0.0
14,CAES,1390.4417641794596,0.0,35335.20769402198
14,PHS,20795.41816956004,0.0,158245.09362882967
14,H2,1355.6548531865103,0.0,71597.75741025877
15,Li-Ion,-0.0,0.0,-0.0
15,CAES,1390.4417641794596,0.0,36440.700714357255
15,PHS,20795.41816956004,0.0,176634.64076774122
15,H2,1355.6548531865103,0.0,72496.99710890757
16,Li-Ion,-0.0,0.0,-0.0
16,CAES,0.0,0.0,36440.700714357255
16,PHS,9514.34387449543,0.0,185048.24773391217
16,H2,1355.6548531865103,0.0,73396.23680755637
17,Li-Ion,0.0,0.0,-0.0
17,CAES,0.0,0.0,36440.700714357255
17,PHS,0.0,537.6598100079866,184440.24686811466
17,H2,1355.6548531865103,0.0,74295.47650620517
18,Li-Ion,0.0,0.0,-0.0
18,CAES,0.0,0.0,36440.700714357255
18,PHS,0.0,3522.4394007117908,180456.97312236045
18,H2,1355.6548531865103,0.0,75194.71620485398
19,Li-Ion,0.0,0.0,-0.0
19,CAES,0.0,0.0,36440.700714357255
19,PHS,0.0,3971.047591298464,175966.4005917547
19,H2,1355.6548531865103,0.0,76093.95590350278
20,Li-Ion,0.0,0.0,-0.0
20,CAES,0.0,0.0,36440.700714357255
20,PHS,0.0,3949.688198510001,171499.98186447695
20,H2,1355.6548531865103,0.0,76993.19560215158
21,Li-Ion,0.0,0.0,-0.0
21,CAES,0.0,0.0,36440.700714357255
21,PHS,0.0,3841.7597212607843,167155.61170097554
21,H2,1355.6548531865103,0.0,77892.43530080038
22,Li-Ion,0.0,0.0,-0.0
22,CAES,0.0,0.0,36440.700714357255
22,PHS,0.0,3426.4619829751246,163280.87192408918
22,H2,1355.6548531865103,0.0,78791.67499944918
23,Li-Ion,-0.0,0.0,-0.0
23,CAES,0.0,0.0,36440.700714357255
23,PHS,0.0,2456.715131886771,160502.7492163815
23,H2,1355.6548531865103,0.0,79690.91469809799
24,Li-Ion,0.0,0.0,0.0
24,CAES,0.0,0.0,36440.700714357255
24,PHS,0.0,1111.1362812772088,159246.24499482635
24,H2,1355.6548531865103,0.0,80590.15439674679
25,Li-Ion,0.0,-0.0,-0.0
25,CAES,0.0,0.0,36440.700714357255
25,PHS,0.0,723.2633393412257,158428.35842727256
25,H2,1355.6548531865103,0.0,81489.39409539559
26,Li-Ion,-0.0,0.0,-0.0
26,CAES,0.0,0.0,36440.700714357255
26,PHS,654.3376309305178,0.0,159006.9941926439
26,H2,-0.0,0.0,81489.39409539559
27,Li-Ion,-0.0,0.0,-0.0
27,CAES,0.0,0.0,36440.700714357255
27,PHS,0.0,871.9223577575854,158020.99981747023
27,H2,1355.6548531865103,0.0,82388.63379404439
28,Li-Ion,0.0,0.0,-0.0
28,CAES,0.0,0.0,36440.700714357255
28,PHS,0.0,1077.7792630097128,156802.21665225882
28,H2,1355.6548531865103,0.0,83287.8734926932
29,Li-Ion,-0.0,0.0,-0.0
29,CAES,0.0,0.0,36440.700714357255
29,PHS,0.0,2166.0811619100386,154352.75102861586
29,H2,1355.6548531865103,0.0,84187.113191342
30,Li-Ion,-0.0,0.0,-0.0
30,CAES,0.0,0.0,36440.700714357255
30,PHS,0.0,3620.2387733849755,150258.8829960042
30,H2,1355.6548531865103,0.0,85086.3528899908
31,Li-Ion,-0.0,0.0,-0.0
31,CAES,0.0,0.0,36440.700714357255
31,PHS,0.0,1547.9063103931367,148508.4669162186
31,H2,1355.6548531865103,0.0,85985.5925886396
32,Li-Ion,-0.0,0.0,-0.0
32,CAES,0.0,0.0,36440.700714357255
32,PHS,15578.833167000937,0.0,162284.94808903572
32,H2,1355.6548531865103,0.0,86884.8322872884
33,Li-Ion,-0.0,0.0,-0.0
33,CAES,1390.4417641794596,0.0,37546.19373469253
33,PHS,20795.41816956004,0.0,180674.49522794728
33,H2,1355.6548531865103,0.0,87784.0719859372
34,Li-Ion,-0.0,0.0,-0.0
34,CAES,0.0,0.0,37546.19373469253
34,PHS,20747.562826330086,0.0,199021.7235212843
34,H2,1355.6548531865103,0.0,88683.311684586
35,Li-Ion,-0.0,0.0,-0.0
35,CAES,0.0,0.0,37546.19373469253
35,PHS,18486.860098622856,0.0,215369.79512350497
35,H2,1355.6548531865103,0.0,89582.55138323481
36,Li-Ion,-0.0,0.0,-0.0
36,CAES,0.0,0.0,37546.19373469253
36,PHS,18729.38147674753,0.0,231932.33023296812
36,H2,1355.6548531865103,0.0,90481.79108188361
37,Li-Ion,-0.0,0.0,-0.0
37,CAES,0.0,0.0,37546.19373469253
37,PHS,20703.878829719608,0.0,250240.92843441016
37,H2,1355.6548531865103,0.0,91381.03078053241
38,Li-Ion,-0.0,0.0,-0.0
38,CAES,830.5983028172466,0.0,38206.57423398564
38,PHS,20795.41816956004,0.0,268630.47557332175
38,H2,1355.6548531865103,0.0,92280.27047918121
39,Li-Ion,-0.0,0.0,-0.0
39,CAES,-0.0,0.0,38206.57423398564
39,PHS,15336.363781119742,0.0,282192.5392160343
39,H2,1355.6548531865103,0.0,93179.51017783002
40,Li-Ion,0.0,-0.0,-0.0
40,CAES,0.0,0.0,38206.57423398564
40,PHS,0.0,450.71858309803315,281682.8539398546
40,H2,0.0,851.9865073773642,91895.0921908227
41,Li-Ion,0.0,-0.0,-0.0
41,CAES,0.0,0.0,38206.57423398564
41,PHS,0.0,9603.053221531567,270823.4507181334
41,H2,0.0,851.9865073773642,90610.67420381539
42,Li-Ion,0.0,0.0,-0.0
42,CAES,0.0,0.0,38206.57423398564
42,PHS,0.0,12732.10632251564,256425.6260650309
42,H2,0.0,851.9865073773642,89326.25621680808
43,Li-Ion,0.0,-0.0,-0.0
43,CAES,0.0,0.0,38206.57423398564
43,PHS,0.0,13964.958824986395,240633.65705717047
43,H2,0.0,851.9865073773642,88041.83822980076
44,Li-Ion,0.0,0.0,-0.0
44,CAES,0.0,0.0,38206.57423398564
44,PHS,0.0,13407.726968194227,225471.82153720187
44,H2,0.0,851.9865073773642,86757.42024279345
45,Li-Ion,0.0,0.0,-0.0
45,CAES,0.0,0.0,38206.57423398564
45,PHS,0.0,14114.174338187575,209511.11542173545
45,H2,0.0,851.9865073773642,85473.00225578614
46,Li-Ion,0.0,-0.0,-0.0
46,CAES,0.0,0.0,38206.57423398564
46,PHS,0.0,13900.43067571511,193792.1166636407
46,H2,0.0,851.9865073773642,84188.58426877882
47,Li-Ion,0.0,-0.0,-0.0
47,CAES,0.0,0.0,38206.57423398564
47,PHS,0.0,13212.28301239389,178851.294677006
47,H2,0.0,851.9865073773642,82904.16628177151
48,Li-Ion,0.0,0.0,-0.0
48,CAES,0.0,0.0,38206.57423398564
48,PHS,0.0,12342.30951668712,164894.26323741392
48,H2,0.0,851.9865073773642,81619.7482947642
49,Li-Ion,0.0,-0.0,0.0
49,CAES,0.0,0.0,38206.57423398564
49,PHS,0.0,11634.137148052036,151738.05307039866
49,H2,0.0,851.9865073773642,80335.33030775689
50,Li-Ion,0.0,0.0,-0.0
50,CAES,0.0,0.0,38206.57423398564
50,PHS,0.0,10965.462519899038,139337.99901787486
50,H2,0.0,851.9865073773642,79050.91232074957
51,Li-Ion,0.0,0.0,-0.0
51,CAES,0.0,0.0,38206.57423398564
51,PHS,0.0,10364.380725299341,127617.66519871999
51,H2,0.0,851.9865073773642,77766.49433374226
52,Li-Ion,0.0,0.0,-0.0
52,CAES,0.0,0.0,38206.57423398564
52,PHS,0.0,10461.602445504483,115787.39031839826
52,H2,0.0,851.9865073773642,76482.07634673495
53,Li-Ion,0.0,-0.0,0.0
53,CAES,0.0,-0.0,38206.57423398564
53,PHS,0.0,11512.673937469297,102768.53417305659
53,H2,0.0,851.9865073773642,75197.65835972763
54,Li-Ion,0.0,-0.0,0.0
54,CAES,0.0,0.0,38206.57423398564
54,PHS,0.0,12497.52106227986,88635.98514344648
54,H2,0.0,851.9865073773642,73913.24037272032
55,Li-Ion,0.0,-0.0,0.0
55,CAES,0.0,0.0,38206.57423398564
55,PHS,0.0,11245.423848612822,75919.34293038065
55,H2,0.0,851.9865073773642,72628.822385713
56,Li-Ion,-0.0,0.0,-0.0
56,CAES,0.0,0.0,38206.57423398564
56,PHS,6102.634771389549,0.0,81315.94947538878
56,H2,0.0,851.9865073773642,71344.4043987057
57,Li-Ion,0.0,0.0,-0.0
57,CAES,0.0,0.0,38206.57423398564
57,PHS,13999.079662929838,0.0,93695.4425571705
57,H2,0.0,851.9865073773642,70059.98641169838
58,Li-Ion,0.0,0.0,-0.0
58,CAES,0.0,0.0,38206.57423398564
58,PHS,12789.213758840187,0.0,105005.04197806946
58,H2,0.0,851.9865073773642,68775.56842469107
59,Li-Ion,-0.0,0.0,-0.0
59,CAES,0.0,0.0,38206.57423398564
59,PHS,11208.36844061321,0.0,114916.68780833489
59,H2,0.0,851.9865073773642,67491.15043768375
60,Li-Ion,-0.0,0.0,-0.0
60,CAES,0.0,0.0,38206.57423398564
60,PHS,11560.227036154567,0.0,125139.48488240699
60,H2,0.0,851.9865073773642,66206.73245067644
61,Li-Ion,-0.0,0.0,-0.0
61,CAES,0.0,0.0,38206.57423398564
61,PHS,13943.07267345942,0.0,137469.4505555751
61,H2,0.0,851.9865073773642,64922.314463669136
62,Li-Ion,0.0,0.0,-0.0
62,CAES,0.0,0.0,38206.57423398564
62,PHS,15295.652303721154,0.0,150995.51272783833
62,H2,0.0,851.9865073773642,63637.89647666183
63,Li-Ion,-0.0,0.0,-0.0
63,CAES,0.0,0.0,38206.57423398564
63,PHS,11253.203851099346,0.0,160946.80685408434
63,H2,0.0,851.9865073773642,62353.478489654524
64,Li-Ion,0.0,-0.0,-0.0
64,CAES,0.0,0.0,38206.57423398564
64,PHS,0.0,4858.268252200318,155452.94019596375
64,H2,0.0,851.9865073773642,61069.06050264722
65,Li-Ion,0.0,-0.0,-0.0
65,CAES,0.0,0.0,38206.57423398564
65,PHS,0.0,13480.50097293364,140208.80978047661
65,H2,0.0,851.9865073773642,59784.64251563991
66,Li-Ion,0.0,-0.0,-0.0
66,CAES,0.0,0.0,38206.57423398564
66,PHS,0.0,14505.582449938258,123805.48834135219
66,H2,0.0,851.9865073773642,58500.22452863261
67,Li-Ion,0.0,0.0,-0.0
67,CAES,0.0,0.0,38206.57423398564
67,PHS,0.0,14045.303341418046,107922.6634899951
67,H2,0.0,851.9865073773642,57215.8065416253
68,Li-Ion,0.0,0.0,-0.0
68,CAES,0.0,0.0,38206.57423398564
68,PHS,0.0,13587.49595987139,92557.54012788401
68,H2,0.0,851.9865073773642,55931.388554617995
69,Li-Ion,0.0,-0.0,-0.0
69,CAES,0.0,0.0,38206.57423398564
69,PHS,0.0,13354.993195624143,77455.33744411141
69,H2,0.0,851.9865073773642,54646.97056761069
70,Li-Ion,0.0,0.0,-0.0
70,CAES,0.0,0.0,38206.57423398564
70,PHS,0.0,13159.685673285614,62573.99401086905
70,H2,0.0,851.9865073773642,53362.552580603384
71,Li-Ion,0.0,0.0,-0.0
71,CAES,0.0,0.0,38206.57423398564
71,PHS,0.0,11410.601810582726,49670.563903266564
71,H2,0.0,851.9865073773642,52078.13459359608
72,Li-Ion,0.0,0.0,-0.0
72,CAES,0.0,0.0,38206.57423398564
72,PHS,0.0,8930.143871954348,39572.10553836872
72,H2,0.0,851.9865073773642,50793.71660658877
73,Li-Ion,0.0,0.0,-0.0
73,CAES,0.0,0.0,38206.57423398564
73,PHS,0.0,7305.431465276556,31310.9177515291
73,H2,0.0,851.9865073773642,49509.29861958147
74,Li-Ion,0.0,-0.0,-0.0
74,CAES,0.0,0.0,38206.57423398564
74,PHS,0.0,6238.8883117820515,24255.80702059855
74,H2,0.0,851.9865073773642,48224.88063257416
75,Li-Ion,0.0,0.0,-0.0
75,CAES,0.0,0.0,38206.57423398564
75,PHS,0.0,5522.886948619768,18010.370809897428
75,H2,0.0,851.9865073773642,46940.462645566855
76,Li-Ion,0.0,-0.0,-0.0
76,CAES,0.0,3037.674948689292,34385.91681058708
76,PHS,0.0,1556.0309037959037,16250.767210919978
76,H2,0.0,851.9865073773642,45656.04465855955
77,Li-Ion,0.0,0.0,0.0
77,CAES,0.0,3037.674948689292,30565.259387188515
77,PHS,0.0,1396.8018956387227,14671.224261850888
77,H2,0.0,851.9865073773642,44371.62667155224
78,Li-Ion,0.0,-0.0,-0.0
78,CAES,0.0,0.0,30565.259387188515
78,PHS,0.0,5637.01619549592,8296.72748232561
78,H2,0.0,851.9865073773642,43087.20868454494
79,Li-Ion,0.0,-0.0,0.0
79,CAES,0.0,0.0,30565.259387188515
79,PHS,0.0,3042.0375027707523,4856.705741727914
79,H2,0.0,851.9865073773642,41802.79069753763
80,Li-Ion,0.0,0.0,-0.0
80,CAES,0.0,0.0,30565.259387188515
80,PHS,12527.284665101151,0.0,15934.679264215416
80,H2,0.0,851.9865073773642,40518.372710530326
81,Li-Ion,-0.0,0.0,-0.0
81,CAES,200.99179439211366,0.0,30725.061136222044
81,PHS,20795.41816956004,0.0,34324.22640312698
81,H2,0.0,0.0,40518.372710530326
82,Li-Ion,-0.0,0.0,-0.0
82,CAES,0.0,0.0,30725.061136222044
82,PHS,19389.31911030539,0.0,51470.34940306199
82,H2,0.0,-0.0,40518.372710530326
83,Li-Ion,0.0,0.0,-0.0
83,CAES,0.0,0.0,30725.061136222044
83,PHS,18468.78908358343,0.0,67802.44066864284
83,H2,0.0,851.9865073773642,39233.95472352302
84,Li-Ion,-0.0,0.0,-0.0
84,CAES,0.0,0.0,30725.061136222044
84,PHS,18550.47854650251,0.0,84206.77055029065
84,H2,0.0,851.9865073773642,37949.536736515714
85,Li-Ion,-0.0,0.0,-0.0
85,CAES,0.0,0.0,30725.061136222044
85,PHS,20795.41816956004,0.0,102596.31768920222
85,H2,0.0,851.9865073773642,36665.11874950841
86,Li-Ion,-0.0,0.0,-0.0
86,CAES,0.0,0.0,30725.061136222044
86,PHS,20795.41816956004,0.0,120985.86482811379
86,H2,0.0,284.404684217523,36236.36255579521
87,Li-Ion,-0.0,0.0,-0.0
87,CAES,0.0,0.0,30725.061136222044
87,PHS,16613.452677264457,0.0,135677.267937085
87,H2,0.0,851.9865073773642,34951.944568787905
88,Li-Ion,0.0,0.0,-0.0
88,CAES,0.0,0.0,30725.061136222044
88,PHS,0.0,129.22279607535768,135531.13915745125
88,H2,0.0,851.9865073773642,33667.5265817806
89,Li-Ion,0.0,0.0,-0.0
89,CAES,0.0,0.0,30725.061136222044
89,PHS,0.0,9114.499482715759,125224.2062722877
89,H2,0.0,851.9865073773642,32383.10859477329
90,Li-Ion,0.0,0.0,-0.0
90,CAES,0.0,127.05294298909477,30565.259387188504
90,PHS,0.0,12189.091443901249,111440.43814748245
90,H2,0.0,851.9865073773642,31098.69060776598
91,Li-Ion,0.0,0.0,-0.0
91,CAES,0.0,0.0,30565.259387188504
91,PHS,0.0,13545.98172784554,96122.26024892434
91,H2,0.0,851.9865073773642,29814.27262075867
92,Li-Ion,0.0,0.0,-0.0
92,CAES,0.0,0.0,30565.259387188504
92,PHS,0.0,13718.115146279952,80609.42902963683
92,H2,0.0,851.9865073773642,28529.85463375136
93,Li-Ion,0.0,0.0,-0.0
93,CAES,0.0,3037.674948689292,26744.60196378994
93,PHS,0.0,10850.791053039668,68339.04870357535
93,H2,0.0,851.9865073773642,27245.436646744052
94,Li-Ion,0.0,0.0,-0.0
94,CAES,0.0,3037.674948689292,22923.944540391378
94,PHS,0.0,10251.011213098109,56746.916323862955
94,H2,0.0,851.9865073773642,25961.018659736743
95,Li-Ion,0.0,-0.0,-0.0
95,CAES,0.0,0.0,22923.944540391378
95,PHS,0.0,11753.89234697403,43455.28360289626
95,H2,0.0,851.9865073773642,24676.600672729433
96,Li-Ion,0.0,0.0,0.0
96,CAES,0.0,3037.674948689292,19103.287116992815
96,PHS,0.0,6261.271336201198,36374.861517141166
96,H2,0.0,851.9865073773642,23392.182685722124
97,Li-Ion,0.0,0.0,-0.0
97,CAES,0.0,3037.674948689292,15282.629693594252
97,PHS,0.0,4417.382817282221,31379.560534114888
97,H2,0.0,851.9865073773642,22107.764698714815
98,Li-Ion,0.0,-0.0,-0.0
98,CAES,0.0,0.0,15282.629693594252
98,PHS,0.0,6118.487929521929,24460.601948637457
98,H2,0.0,851.9865073773642,20823.346711707505
99,Li-Ion,0.0,0.0,0.0
99,CAES,0.0,3037.674948689292,11461.972270195689
99,PHS,0.0,3096.890870465951,20958.55047394062
99,H2,0.0,851.9865073773642,19538.928724700196
100,Li-Ion,0.0,-0.0,-0.0
100,CAES,0.0,3037.674948689292,7641.314846797126
100,PHS,0.0,3964.5869105077504,16475.28386325167
100,H2,0.0,851.9865073773642,18254.510737692886
101,Li-Ion,0.0,-0.0,0.0
101,CAES,0.0,0.0,7641.314846797126
101,PHS,0.0,6879.548018652551,8695.697080348673
101,H2,0.0,851.9865073773642,16970.092750685577
102,Li-Ion,0.0,-0.0,-0.0
102,CAES,0.0,3037.674948689292,3820.657423398563
102,PHS,0.0,4837.778495464941,3225.000816598709
102,H2,0.0,851.9865073773642,15685.674763678267
103,Li-Ion,0.0,-0.0,0.0
103,CAES,0.0,3037.674948689292,0.0
103,PHS,0.0,2851.892857181481,0.0
103,H2,0.0,851.9865073773642,14401.256776670958
104,Li-Ion,-0.0,0.0,-0.0
104,CAES,1390.4417641794596,0.0,1105.4930203352806
104,PHS,7825.4767652229975,0.0,6920.128880561487
104,H2,1355.6548531865103,0.0,15300.496475319756
105,Li-Ion,0.0,0.0,-0.0
105,CAES,-0.0,0.0,1105.4930203352806
105,PHS,15838.072460891713,0.0,20925.85734123746
105,H2,1355.6548531865103,0.0,16199.736173968555
106,Li-Ion,0.0,0.0,-0.0
106,CAES,1390.4417641794596,0.0,2210.986040670561
106,PHS,11608.030322678931,0.0,31190.92722674173
106,H2,1355.6548531865103,0.0,17098.975872617353
107,Li-Ion,0.0,0.0,-0.0
107,CAES,1390.4417641794596,0.0,3316.4790610058417
107,PHS,8470.858171728036,0.0,38681.7718150005
107,H2,1355.6548531865103,0.0,17998.21557126615
108,Li-Ion,-0.0,0.0,-0.0
108,CAES,1390.4417641794596,0.0,4421.972081341122
108,PHS,8242.808627069911,0.0,45970.950448898395
108,H2,1355.6548531865103,0.0,18897.45526991495
109,Li-Ion,-0.0,0.0,-0.0
109,CAES,1390.4417641794596,0.0,5527.465101676403
109,PHS,12102.51523527458,0.0,56673.29711987115
109,H2,1355.6548531865103,0.0,19796.69496856375
110,Li-Ion,-0.0,0.0,-0.0
110,CAES,1390.4417641794596,0.0,6632.958122011683
110,PHS,18516.357497898953,0.0,73047.45349759575
110,H2,1355.6548531865103,0.0,20695.934667212547
111,Li-Ion,-0.0,0.0,-0.0
111,CAES,1390.4417641794596,0.0,7738.451142346964
111,PHS,18242.612261357754,0.0,89179.53487156804
111,H2,1355.6548531865103,0.0,21595.174365861345
112,Li-Ion,-0.0,0.0,-0.0
112,CAES,1390.4417641794596,0.0,8843.944162682244
112,PHS,-0.0,0.0,89179.53487156804
112,H2,1355.6548531865103,0.0,22494.414064510143
113,Li-Ion,0.0,-0.0,-0.0
113,CAES,1390.4417641794596,0.0,9949.437183017526
113,PHS,0.0,7468.29421523946,80734.17729717793
113,H2,1355.6548531865103,0.0,23393.65376315894
114,Li-Ion,0.0,-0.0,-0.0
114,CAES,1390.4417641794596,0.0,11054.930203352807
114,PHS,0.0,8833.690073899454,70744.79160543742
114,H2,1355.6548531865103,0.0,24292.89346180774
115,Li-Ion,0.0,-0.0,-0.0
115,CAES,0.0,0.0,11054.930203352807
115,PHS,0.0,7595.8536986309955,62155.18617227285
115,H2,1355.6548531865103,0.0,25192.13316045654
116,Li-Ion,0.0,-0.0,-0.0
116,CAES,180.55056033278242,0.0,11198.479821472414
116,PHS,0.0,7409.347399300781,53776.48731861954
116,H2,1355.6548531865103,0.0,26091.372859105337
117,Li-Ion,0.0,0.0,-0.0
117,CAES,0.0,0.0,11198.479821472414
117,PHS,0.0,6805.969059693064,46080.10569615281
117,H2,1355.6548531865103,0.0,26990.612557754135
118,Li-Ion,0.0,-0.0,-0.0
118,CAES,1390.4417641794596,0.0,12303.972841807696
118,PHS,0.0,7410.823954822243,37699.73711190268
118,H2,1355.6548531865103,0.0,27889.852256402934
119,Li-Ion,0.0,0.0,-0.0
119,CAES,0.0,0.0,12303.972841807696
119,PHS,0.0,4654.568268385326,32436.22013627112
119,H2,1355.6548531865103,0.0,28789.091955051732
120,Li-Ion,0.0,0.0,-0.0
120,CAES,0.0,0.0,12303.972841807696
120,PHS,0.0,2813.7027802340626,29254.405734979442
120,H2,1355.6548531865103,0.0,29688.33165370053
121,Li-Ion,0.0,0.0,-0.0
121,CAES,0.0,0.0,12303.972841807696
121,PHS,0.0,2049.2286471073876,26937.080228280633
121,H2,1355.6548531865103,0.0,30587.57135234933
122,Li-Ion,0.0,0.0,-0.0
122,CAES,0.0,0.0,12303.972841807696
122,PHS,0.0,1086.0540325020788,25708.939720522896
122,H2,1355.6548531865103,0.0,31486.811050998127
123,Li-Ion,-0.0,0.0,-0.0
123,CAES,260.2499455046143,0.0,12510.888734087277
123,PHS,0.0,0.0,25708.939720522896
123,H2,1355.6548531865103,0.0,32386.050749646925
124,Li-Ion,-0.0,0.0,-0.0
124,CAES,-0.0,0.0,12510.888734087277
124,PHS,1587.4864340710044,0.0,27112.766100627327
124,H2,1355.6548531865103,0.0,33285.290448295724
125,Li-Ion,-0.0,0.0,-0.0
125,CAES,1390.4417641794596,0.0,13616.381754422557
125,PHS,0.0,217.03644850459568,26867.335168011312
125,H2,1355.6548531865103,0.0,34184.53014694452
126,Li-Ion,0.0,0.0,0.0
126,CAES,0.0,0.0,13616.381754422557
126,PHS,0.0,162.59179851112913,26683.4717799986
126,H2,1355.6548531865103,0.0,35083.76984559331
127,Li-Ion,0.0,-0.0,-0.0
127,CAES,1390.4417641794596,0.0,14721.874774757838
127,PHS,-0.0,0.0,26683.4717799986
127,H2,1355.6548531865103,0.0,35983.00954424211
128,Li-Ion,0.0,-0.0,0.0
128,CAES,1390.4417641794596,0.0,15827.36779509312
128,PHS,19708.014330505397,0.0,44111.419397598314
128,H2,1355.6548531865103,0.0,36882.2492428909
129,Li-Ion,0.0,0.0,-0.0
129,CAES,1390.4417641794596,0.0,16932.8608154284
129,PHS,20795.41816956004,0.0,62500.96653650988
129,H2,1355.6548531865103,0.0,37781.4889415397
130,Li-Ion,0.0,0.0,0.0
130,CAES,1390.4417641794596,0.0,18038.353835763683
130,PHS,20795.41816956004,0.0,80890.51367542145
130,H2,1355.6548531865103,0.0,38680.72864018849
131,Li-Ion,0.0,-0.0,-0.0
131,CAES,1390.4417641794596,0.0,19143.846856098964
131,PHS,20795.41816956004,0.0,99280.06081433302
131,H2,1355.6548531865103,0.0,39579.96833883729
132,Li-Ion,0.0,-0.0,-0.0
132,CAES,1390.4417641794596,0.0,20249.339876434246
132,PHS,20795.41816956004,0.0,117669.60795324459
132,H2,1355.6548531865103,0.0,40479.20803748608
133,Li-Ion,0.0,-0.0,-0.0
133,CAES,1390.4417641794596,0.0,21354.832896769527
133,PHS,20795.41816956004,0.0,136059.15509215614
133,H2,1355.6548531865103,0.0,41378.447736134876
134,Li-Ion,0.0,-0.0,-0.0
134,CAES,1390.4417641794596,0.0,22460.32591710481
134,PHS,20795.41816956004,0.0,154448.7022310677
134,H2,1355.6548531865103,0.0,42277.68743478367
135,Li-Ion,-0.0,0.0,-0.0
135,CAES,1390.4417641794596,0.0,23565.81893744009
135,PHS,20795.41816956004,0.0,172838.24936997925
135,H2,1355.6548531865103,0.0,43176.927133432466
136,Li-Ion,0.0,0.0,-0.0
136,CAES,1390.4417641794596,0.0,24671.31195777537
136,PHS,5457.227545241328,0.0,177664.11737478242
136,H2,1355.6548531865103,0.0,44076.16683208126
137,Li-Ion,0.0,-0.0,-0.0
137,CAES,0.0,0.0,24671.31195777537
137,PHS,0.0,3411.0067868259976,173806.85476926877
137,H2,1355.6548531865103,0.0,44975.406530730055
138,Li-Ion,0.0,-0.0,-0.0
138,CAES,0.0,0.0,24671.31195777537
138,PHS,0.0,5144.932573010131,167988.82001823635
138,H2,1355.6548531865103,0.0,45874.64622937885
139,Li-Ion,0.0,-0.0,-0.0
139,CAES,0.0,0.0,24671.31195777537
139,PHS,0.0,5782.732677345127,161449.54293436962
139,H2,1355.6548531865103,0.0,46773.885928027645
140,Li-Ion,0.0,-0.0,-0.0
140,CAES,0.0,0.0,24671.31195777537
140,PHS,0.0,5644.517038511131,155066.56399016964
140,H2,1355.6548531865103,0.0,47673.12562667644
141,Li-Ion,0.0,-0.0,-0.0
141,CAES,0.0,0.0,24671.31195777537
141,PHS,0.0,5160.323217496133,149231.1250646044
141,H2,1355.6548531865103,0.0,48572.365325325234
142,Li-Ion,0.0,-0.0,-0.0
142,CAES,0.0,0.0,24671.31195777537
142,PHS,0.0,3791.0098589901327,144944.14427562067
142,H2,1355.6548531865103,0.0,49471.60502397403
143,Li-Ion,0.0,-0.0,-0.0
143,CAES,0.0,0.0,24671.31195777537
143,PHS,0.0,931.3610203948252,143890.93498560195
143,H2,-0.0,0.0,49471.60502397403
144,Li-Ion,0.0,-0.0,-0.0
144,CAES,0.0,0.0,24671.31195777537
144,PHS,0.0,1005.5811722873285,142753.79545610785
144,H2,1355.6548531865103,0.0,50370.84472262282
145,Li-Ion,0.0,-0.0,-0.0
145,CAES,60.57678243266423,0.0,24719.474499996762
145,PHS,0.0,0.0,142753.79545610785
145,H2,1355.6548531865103,0.0,51270.08442127162
146,Li-Ion,0.0,0.0,-0.0
146,CAES,-0.0,0.0,24719.474499996762
146,PHS,1176.4980649145325,0.0,143794.18168191856
146,H2,1355.6548531865103,0.0,52169.32411992041
147,Li-Ion,0.0,-0.0,-0.0
147,CAES,1390.4417641794596,0.0,25824.967520332044
147,PHS,380.0837156970747,0.0,144130.29261508436
147,H2,1355.6548531865103,0.0,53068.56381856921
148,Li-Ion,0.0,0.0,-0.0
148,CAES,1390.4417641794596,0.0,26930.460540667325
148,PHS,342.2720799310746,0.0,144432.96642990762
148,H2,1355.6548531865103,0.0,53967.803517218
149,Li-Ion,0.0,0.0,-0.0
149,CAES,1390.4417641794596,0.0,28035.953561002607
149,PHS,95.34409803307517,0.0,144517.2799441106
149,H2,1355.6548531865103,0.0,54867.0432158668
150,Li-Ion,0.0,-0.0,-0.0
150,CAES,278.1951186826458,0.0,28257.137050968115
150,PHS,0.0,0.0,144517.2799441106
150,H2,1355.6548531865103,0.0,55766.28291451559
151,Li-Ion,0.0,-0.0,0.0
151,CAES,1390.4417641794596,0.0,29362.630071303396
151,PHS,24.310383716886463,0.0,144538.77780213306
151,H2,1355.6548531865103,0.0,56665.52261316439
152,Li-Ion,0.0,-0.0,0.0
152,CAES,1390.4417641794596,0.0,30468.123091638678
152,PHS,16021.00444641962,0.0,158706.27441498806
152,H2,1355.6548531865103,0.0,57564.76231181318
153,Li-Ion,-0.0,0.0,-0.0
153,CAES,1390.4417641794596,0.0,31573.61611197396
153,PHS,20795.41816956004,0.0,177095.82155389962
153,H2,1355.6548531865103,0.0,58464.002010461976
154,Li-Ion,-0.0,0.0,-0.0
154,CAES,1390.4417641794596,0.0,32679.10913230924
154,PHS,20795.41816956004,0.0,195485.36869281117
154,H2,1355.6548531865103,0.0,59363.24170911077
155,Li-Ion,0.0,0.0,0.0
155,CAES,1390.4417641794596,0.0,33784.60215264452
155,PHS,20795.41816956004,0.0,213874.91583172273
155,H2,1355.6548531865103,0.0,60262.481407759566
156,Li-Ion,0.0,0.0,-0.0
156,CAES,1390.4417641794596,0.0,34890.095172979796
156,PHS,20795.41816956004,0.0,232264.46297063428
156,H2,1355.6548531865103,0.0,61161.72110640836
157,Li-Ion,0.0,-0.0,-0.0
157,CAES,1390.4417641794596,0.0,35995.588193315074
157,PHS,20795.41816956004,0.0,250654.01010954584
157,H2,1355.6548531865103,0.0,62060.960805057155
158,Li-Ion,-0.0,0.0,-0.0
158,CAES,1390.4417641794596,0.0,37101.08121365035
158,PHS,20795.41816956004,0.0,269043.5572484574
158,H2,1355.6548531865103,0.0,62960.20050370595
159,Li-Ion,0.0,-0.0,-0.0
159,CAES,1390.4417641794596,0.0,38206.57423398564
159,PHS,14869.239381168825,0.0,282192.5392160343
159,H2,1355.6548531865103,0.0,63859.440202354745
160,Li-Ion,0.0,-0.0,-0.0
160,CAES,0.0,0.0,38206.57423398564
160,PHS,0.0,1356.65394489987,280658.3967011335
160,H2,1355.6548531865103,0.0,64758.67990100354
161,Li-Ion,0.0,-0.0,-0.0
161,CAES,0.0,0.0,38206.57423398564
161,PHS,0.0,4160.92325449445,275953.1074193997
161,H2,1355.6548531865103,0.0,65657.91959965233
162,Li-Ion,0.0,-0.0,-0.0
162,CAES,0.0,0.0,38206.57423398564
162,PHS,0.0,3974.5524431642834,271458.57150352834
162,H2,-0.0,0.0,65657.91959965233
163,Li-Ion,0.0,-0.0,-0.0
163,CAES,0.0,0.0,38206.57423398564
163,PHS,0.0,5923.590048472522,264760.00893466664
163,H2,1355.6548531865103,0.0,66557.15929830114
164,Li-Ion,0.0,-0.0,-0.0
164,CAES,0.0,0.0,38206.57423398564
164,PHS,0.0,7127.549738657765,256699.97481745348
164,H2,1355.6548531865103,0.0,67456.39899694994
165,Li-Ion,0.0,-0.0,-0.0
165,CAES,0.0,0.0,38206.57423398564
165,PHS,0.0,7715.565218885059,247974.99622340614
165,H2,1355.6548531865103,0.0,68355.63869559874
166,Li-Ion,0.0,-0.0,-0.0
166,CAES,0.0,0.0,38206.57423398564
166,PHS,0.0,4850.85699590671,242489.5104227707
166,H2,0.0,0.0,68355.63869559874
167,Li-Ion,0.0,-0.0,-0.0
167,CAES,0.0,0.0,38206.57423398564
167,PHS,0.0,6477.556845575087,235164.506587532
167,H2,1355.6548531865103,0.0,69254.87839424754
168,Li-Ion,0.0,-0.0,-0.0
168,CAES,0.0,0.0,38206.57423398564
168,PHS,0.0,6641.851880111867,227653.71329698118
168,H2,1355.6548531865103,0.0,70154.11809289634
169,Li-Ion,0.0,-0.0,-0.0
169,CAES,0.0,0.0,38206.57423398564
169,PHS,0.0,4369.796838630129,222712.22387971033
169,H2,1355.6548531865103,0.0,71053.35779154515
170,Li-Ion,0.0,-0.0,-0.0
170,CAES,0.0,0.0,38206.57423398564
170,PHS,0.0,3308.163917883637,218971.25888877406
170,H2,1355.6548531865103,0.0,71952.59749019395
171,Li-Ion,0.0,-0.0,-0.0
171,CAES,0.0,0.0,38206.57423398564
171,PHS,0.0,2622.9712005300953,216005.12913311957
171,H2,1355.6548531865103,0.0,72851.83718884275
172,Li-Ion,0.0,-0.0,-0.0
172,CAES,0.0,0.0,38206.57423398564
172,PHS,0.0,2122.5278925237153,213604.91477394215
172,H2,-0.0,0.0,72851.83718884275
173,Li-Ion,0.0,-0.0,-0.0
173,CAES,0.0,0.0,38206.57423398564
173,PHS,0.0,5192.84753867143,207732.6964293726
173,H2,769.4340562838136,0.0,73362.22200196567
174,Li-Ion,0.0,-0.0,-0.0
174,CAES,0.0,0.0,38206.57423398564
174,PHS,0.0,7905.387597583783,198793.06133980842
174,H2,1355.6548531865103,0.0,74261.46170061447
175,Li-Ion,0.0,-0.0,-0.0
175,CAES,0.0,0.0,38206.57423398564
175,PHS,0.0,7230.839643955978,190616.22408670807
175,H2,1355.6548531865103,0.0,75160.70139926327
176,Li-Ion,0.0,-0.0,-0.0
176,CAES,-0.0,0.0,38206.57423398564
176,PHS,10321.887038537287,0.0,199743.94764148368
176,H2,1355.6548531865103,0.0,76059.94109791207
177,Li-Ion,0.0,-0.0,-0.0
177,CAES,-0.0,0.0,38206.57423398564
177,PHS,14465.541967408732,0.0,212535.9369023178
177,H2,1355.6548531865103,0.0,76959.18079656088
178,Li-Ion,0.0,0.0,-0.0
178,CAES,0.0,0.0,38206.57423398564
178,PHS,15239.37535188233,0.0,226012.23293618285
178,H2,1355.6548531865103,0.0,77858.42049520968
179,Li-Ion,0.0,0.0,-0.0
179,CAES,-0.0,0.0,38206.57423398564
179,PHS,12653.16329282563,0.0,237201.5218907259
179,H2,1355.6548531865103,0.0,78757.66019385848
180,Li-Ion,0.0,-0.0,-0.0
180,CAES,0.0,0.0,38206.57423398564
180,PHS,11499.518354378257,0.0,247370.63381376312
180,H2,1355.6548531865103,0.0,79656.89989250728
181,Li-Ion,0.0,0.0,-0.0
181,CAES,-0.0,0.0,38206.57423398564
181,PHS,12424.010160665945,0.0,258357.28090308764
181,H2,1355.6548531865103,0.0,80556.13959115608
182,Li-Ion,0.0,-0.0,-0.0
182,CAES,-0.0,0.0,38206.57423398564
182,PHS,14259.12114862862,0.0,270966.7306570718
182,H2,1355.6548531865103,0.0,81455.37928980489
183,Li-Ion,0.0,-0.0,-0.0
183,CAES,-0.0,0.0,38206.57423398564
183,PHS,12694.460690719721,0.0,282192.5392160343
183,H2,1355.6548531865103,0.0,82354.61898845369
184,Li-Ion,0.0,-0.0,-0.0
184,CAES,0.0,-0.0,38206.57423398564
184,PHS,0.0,1655.1825538649646,280320.81213680946
184,H2,0.0,851.9865073773642,81070.20100144637
185,Li-Ion,0.0,-0.0,-0.0
185,CAES,0.0,0.0,38206.57423398564
185,PHS,0.0,11159.855961905736,267700.93250155577
185,H2,0.0,851.9865073773642,79785.78301443906
186,Li-Ion,0.0,-0.0,-0.0
186,CAES,0.0,0.0,38206.57423398564
186,PHS,0.0,12229.812419761147,253871.115949626
186,H2,0.0,851.9865073773642,78501.36502743175
187,Li-Ion,0.0,-0.0,-0.0
187,CAES,0.0,0.0,38206.57423398564
187,PHS,0.0,10368.923376008255,242145.64517302587
187,H2,0.0,851.9865073773642,77216.94704042443
188,Li-Ion,0.0,0.0,-0.0
188,CAES,0.0,-0.0,38206.57423398564
188,PHS,0.0,10575.461128198469,230186.6156854824
188,H2,0.0,851.9865073773642,75932.52905341712
189,Li-Ion,0.0,-0.0,-0.0
189,CAES,0.0,-0.0,38206.57423398564
189,PHS,0.0,11458.875562988942,217228.59625818007
189,H2,0.0,851.9865073773642,74648.11106640981
190,Li-Ion,0.0,-0.0,0.0
190,CAES,0.0,0.0,38206.57423398564
190,PHS,0.0,11125.95940537364,204647.0478043453
190,H2,0.0,851.9865073773642,73363.6930794025
191,Li-Ion,0.0,0.0,-0.0
191,CAES,0.0,0.0,38206.57423398564
191,PHS,0.0,10156.874849026884,193161.36747813024
191,H2,0.0,851.9865073773642,72079.27509239518
192,Li-Ion,0.0,-0.0,0.0
192,CAES,0.0,0.0,38206.57423398564
192,PHS,0.0,8175.752557025141,183915.99607284775
192,H2,0.0,851.9865073773642,70794.85710538787
193,Li-Ion,0.0,0.0,-0.0
193,CAES,0.0,3037.674948689292,34385.91681058708
193,PHS,0.0,5747.547585333885,177416.50728263397
193,H2,0.0,851.9865073773642,69510.43911838056
194,Li-Ion,0.0,0.0,-0.0
194,CAES,0.0,0.0,34385.91681058708
194,PHS,0.0,7745.684306928916,168657.46917499305
194,H2,0.0,851.9865073773642,68226.02113137324
195,Li-Ion,0.0,-0.0,0.0
195,CAES,0.0,63.893277372425764,34305.55458335024
195,PHS,0.0,6776.4399388138445,160994.47991462334
195,H2,0.0,851.9865073773642,66941.60314436593
196,Li-Ion,0.0,0.0,-0.0
196,CAES,0.0,0.0,34305.55458335024
196,PHS,0.0,5642.730455412509,154613.5212889418
196,H2,0.0,851.9865073773642,65657.18515735862
197,Li-Ion,0.0,0.0,-0.0
197,CAES,0.0,0.0,34305.55458335024
197,PHS,0.0,3206.6532545617056,150987.34741692233
197,H2,0.0,851.9865073773642,64372.76717035131
198,Li-Ion,0.0,-0.0,0.0
198,CAES,0.0,0.0,34305.55458335024
198,PHS,0.0,3663.7388394747218,146844.28828363228
198,H2,0.0,851.9865073773642,63088.349183344006
199,Li-Ion,0.0,-0.0,0.0
199,CAES,0.0,0.0,34305.55458335024
199,PHS,0.0,3121.3096582101216,143314.6233555699
199,H2,0.0,851.9865073773642,61803.9311963367
200,Li-Ion,0.0,0.0,-0.0
200,CAES,0.0,0.0,34305.55458335024
200,PHS,15697.584798296202,0.0,157196.1175030587
200,H2,0.0,851.9865073773642,60519.513209329394
201,Li-Ion,-0.0,0.0,-0.0
201,CAES,1390.4417641794596,0.0,35411.04760368552
201,PHS,20795.41816956004,0.0,175585.66464197024
201,H2,0.0,788.461903452763,59330.86216603747
202,Li-Ion,-0.0,0.0,-0.0
202,CAES,1067.548489111421,0.0,36259.81914808645
202,PHS,20795.41816956004,0.0,193975.2117808818
202,H2,0.0,851.9865073773642,58046.444179030164
203,Li-Ion,-0.0,0.0,-0.0
203,CAES,1283.4998482300944,0.0,37280.28628333328
203,PHS,20795.41816956004,0.0,212364.75891979336
203,H2,0.0,851.9865073773642,56762.02619202286
204,Li-Ion,-0.0,0.0,-0.0
204,CAES,449.12800821141354,0.0,37637.37270802637
204,PHS,20795.41816956004,0.0,230754.3060587049
204,H2,0.0,851.9865073773642,55477.60820501555
205,Li-Ion,-0.0,0.0,-0.0
205,CAES,715.917296057116,0.0,38206.57423398564
205,PHS,20795.41816956004,0.0,249143.85319761647
205,H2,0.0,851.9865073773642,54193.19021800825
206,Li-Ion,-0.0,0.0,-0.0
206,CAES,-0.0,0.0,38206.57423398564
206,PHS,20795.41816956004,0.0,267533.400336528
206,H2,0.0,219.1783230090332,53862.76646364448
207,Li-Ion,-0.0,0.0,-0.0
207,CAES,0.0,0.0,38206.57423398564
207,PHS,16576.96737729613,0.0,282192.5392160343
207,H2,0.0,851.9865073773642,52578.34847663718
208,Li-Ion,0.0,-0.0,-0.0
208,CAES,0.0,0.0,38206.57423398564
208,PHS,0.0,1361.9499820902604,280652.40779302263
208,H2,0.0,851.9865073773642,51293.93048962987
209,Li-Ion,0.0,-0.0,-0.0
209,CAES,0.0,0.0,38206.57423398564
209,PHS,0.0,12499.789332086122,266517.2937399899
209,H2,0.0,851.9865073773642,50009.512502622565
210,Li-Ion,0.0,-0.0,-0.0
210,CAES,0.0,0.0,38206.57423398564
210,PHS,0.0,15308.48398878679,249206.02861289892
210,H2,0.0,851.9865073773642,48725.09451561526
211,Li-Ion,0.0,0.0,-0.0
211,CAES,0.0,0.0,38206.57423398564
211,PHS,0.0,16047.517695517372,231059.04334236062
211,H2,0.0,851.9865073773642,47440.67652860795
212,Li-Ion,0.0,0.0,-0.0
212,CAES,0.0,0.0,38206.57423398564
212,PHS,0.0,15800.086684110664,213191.86003276522
212,H2,0.0,851.9865073773642,46156.25854160065
213,Li-Ion,0.0,0.0,-0.0
213,CAES,0.0,0.0,38206.57423398564
213,PHS,0.0,15406.241812958078,195770.04760303366
213,H2,0.0,851.9865073773642,44871.84055459334
214,Li-Ion,0.0,-0.0,-0.0
214,CAES,0.0,-0.0,38206.57423398564
214,PHS,0.0,15044.272012524169,178757.56082487552
214,H2,0.0,851.9865073773642,43587.422567586036
215,Li-Ion,0.0,-0.0,0.0
215,CAES,0.0,0.0,38206.57423398564
215,PHS,0.0,14033.346874074598,162888.2566837545
215,H2,0.0,851.9865073773642,42303.00458057873
216,Li-Ion,0.0,0.0,-0.0
216,CAES,0.0,0.0,38206.57423398564
216,PHS,0.0,12905.5684411949,148294.27617823947
216,H2,0.0,851.9865073773642,41018.586593571425
217,Li-Ion,0.0,0.0,-0.0
217,CAES,0.0,-0.0,38206.57423398564
217,PHS,0.0,11903.042601690859,134833.98014580004
217,H2,0.0,851.9865073773642,39734.16860656412
218,Li-Ion,0.0,0.0,-0.0
218,CAES,0.0,3037.674948689292,34385.91681058708
218,PHS,0.0,8065.926876849837,125712.80271483077
218,H2,0.0,851.9865073773642,38449.75061955681
219,Li-Ion,0.0,-0.0,0.0
219,CAES,0.0,8.677300156632415e-12,34385.91681058706
219,PHS,0.0,10680.257897365962,113635.26608726938
219,H2,0.0,851.9865073773642,37165.33263254951
220,Li-Ion,0.0,-0.0,-0.0
220,CAES,0.0,0.0,34385.91681058706
220,PHS,0.0,10696.068068605002,101539.85087249948
220,H2,0.0,851.9865073773642,35880.9146455422
221,Li-Ion,0.0,0.0,0.0
221,CAES,0.0,0.0,34385.91681058706
221,PHS,0.0,11137.140829469135,88945.65814917615
221,H2,0.0,851.9865073773642,34596.496658534896
222,Li-Ion,0.0,-0.0,0.0
222,CAES,0.0,0.0,34385.91681058706
222,PHS,0.0,12737.036281140608,74542.25855992155
222,H2,0.0,851.9865073773642,33312.07867152759
223,Li-Ion,0.0,-0.0,0.0
223,CAES,0.0,0.0,34385.91681058706
223,PHS,0.0,11474.755872809992,61566.28123072549
223,H2,0.0,851.9865073773642,32027.66068452028
224,Li-Ion,-0.0,0.0,-0.0
224,CAES,0.0,0.0,34385.91681058706
224,PHS,4942.11466699647,0.0,65936.63098246414
224,H2,0.0,851.9865073773642,30743.24269751297
225,Li-Ion,0.0,0.0,-0.0
225,CAES,0.0,0.0,34385.91681058706
225,PHS,13103.772941216072,0.0,77524.39749118566
225,H2,0.0,851.9865073773642,29458.82471050566
226,Li-Ion,-0.0,0.0,-0.0
226,CAES,0.0,0.0,34385.91681058706
226,PHS,12248.457097234877,0.0,88355.8016655073
226,H2,0.0,851.9865073773642,28174.406723498352
227,Li-Ion,-0.0,0.0,-0.0
227,CAES,0.0,0.0,34385.91681058706
227,PHS,11352.716456166077,0.0,98395.09554856847
227,H2,0.0,851.9865073773642,26889.988736491043
228,Li-Ion,-0.0,0.0,-0.0
228,CAES,0.0,0.0,34385.91681058706
228,PHS,11743.753193672786,0.0,108780.1862056494
228,H2,0.0,851.9865073773642,25605.570749483733
229,Li-Ion,-0.0,0.0,-0.0
229,CAES,0.0,0.0,34385.91681058706
229,PHS,13344.556055751898,0.0,120580.87906184356
229,H2,0.0,851.9865073773642,24321.152762476424
230,Li-Ion,-0.0,0.0,-0.0
230,CAES,0.0,0.0,34385.91681058706
230,PHS,15373.831148100044,0.0,134176.07538338183
230,H2,0.0,851.9865073773642,23036.734775469115
231,Li-Ion,-0.0,0.0,-0.0
231,CAES,0.0,0.0,34385.91681058706
231,PHS,11808.113264171478,0.0,144618.08014243701
231,H2,0.0,851.9865073773642,21752.316788461805
232,Li-Ion,0.0,-0.0,-0.0
232,CAES,0.0,3037.674948689292,30565.2593871885
232,PHS,0.0,1091.1538659901976,143384.17259924446
232,H2,0.0,851.9865073773642,20467.898801454496
233,Li-Ion,0.0,-0.0,-0.0
233,CAES,0.0,0.0,30565.2593871885
233,PHS,0.0,13571.687690532319,128036.9256736198
233,H2,0.0,851.9865073773642,19183.480814447186
234,Li-Ion,0.0,0.0,-0.0
234,CAES,0.0,3037.674948689292,26744.601963789937
234,PHS,0.0,9083.386681858205,117765.17602050496
234,H2,0.0,851.9865073773642,17899.062827439877
235,Li-Ion,0.0,-0.0,-0.0
235,CAES,0.0,0.0,26744.601963789937
235,PHS,0.0,9596.015942737187,106913.73075197315
235,H2,0.0,851.9865073773642,16614.644840432567
236,Li-Ion,0.0,0.0,-0.0
236,CAES,0.0,0.0,26744.601963789937
236,PHS,0.0,9007.229487589037,96728.1018004441
236,H2,0.0,851.9865073773642,15330.226853425258
237,Li-Ion,0.0,-0.0,-0.0
237,CAES,0.0,0.0,26744.601963789937
237,PHS,0.0,9516.116082348826,85967.00954582363
237,H2,0.0,851.9865073773642,14045.808866417949
238,Li-Ion,0.0,-0.0,0.0
238,CAES,0.0,3037.674948689292,22923.944540391374
238,PHS,0.0,8053.382930627775,76860.01716276303
238,H2,0.0,851.9865073773642,12761.39087941064
239,Li-Ion,0.0,0.0,-0.0
239,CAES,0.0,3037.674948689292,19103.28711699281
239,PHS,0.0,8786.484939093618,66924.01236782344
239,H2,0.0,851.9865073773642,11476.97289240333
240,Li-Ion,0.0,-0.0,0.0
240,CAES,0.0,3037.674948689292,15282.629693594248
240,PHS,0.0,8407.451475133941,57416.62929607027
240,H2,0.0,851.9865073773642,10192.55490539602
241,Li-Ion,0.0,0.0,-0.0
241,CAES,0.0,3037.674948689292,11461.972270195685
241,PHS,0.0,7633.147073230648,48784.85146388491
241,H2,0.0,851.9865073773642,8908.136918388711
242,Li-Ion,0.0,0.0,-0.0
242,CAES,0.0,0.0,11461.972270195685
242,PHS,0.0,10233.97770637564,37211.98105362245
242,H2,0.0,851.9865073773642,7623.7189313814015
243,Li-Ion,0.0,-0.0,0.0
243,CAES,0.0,0.0,11461.972270195685
243,PHS,0.0,9915.911339254759,25998.789055231035
243,H2,0.0,851.9865073773642,6339.300944374092
244,Li-Ion,0.0,-0.0,-0.0
244,CAES,0.0,3037.674948689292,7641.314846797122
244,PHS,0.0,6197.9536988458185,18989.96833825177
244,H2,0.0,851.9865073773642,5054.882957366783
245,Li-Ion,0.0,0.0,-0.0
245,CAES,0.0,0.0,7641.314846797122
245,PHS,0.0,7904.043017414881,10051.853737836322
245,H2,0.0,851.9865073773642,3770.464970359473
246,Li-Ion,0.0,-0.0,-0.0
246,CAES,0.0,3037.674948689292,3820.657423398563
246,PHS,0.0,4645.930720471513,4798.104344814069
246,H2,0.0,851.9865073773642,2486.046983352164
247,Li-Ion,0.0,0.0,0.0
247,CAES,0.0,3037.674948689292,0.0
247,PHS,0.0,4243.000323769948,0.0
247,H2,0.0,851.9865073773642,1201.628996345459
248,Li-Ion,0.0,-0.0,0.0
248,CAES,-0.0,0.0,0.0
248,PHS,-0.0,0.0,0.0
248,H2,0.0,797.0705036178454,0.0
249,Li-Ion,0.0,0.0,-0.0
249,CAES,-0.0,0.0,0.0
249,PHS,8091.7570988932475,0.0,7155.602613682275
249,H2,838.0580804327436,0.0,555.9048410641794
250,Li-Ion,-0.0,0.0,-0.0
250,CAES,-0.0,0.0,-0.0
250,PHS,14615.900650608619,0.0,20080.555206626545
250,H2,-0.0,0.0,555.9048410641794
251,Li-Ion,0.0,0.0,-0.0
251,CAES,0.0,0.0,0.0
251,PHS,17028.724630200737,0.0,35139.18647574933
251,H2,0.0,0.0,555.9048410641794
252,Li-Ion,-0.0,0.0,-0.0
252,CAES,0.0,0.0,-0.0
252,PHS,17156.042360579857,0.0,50310.40578639817
252,H2,-0.0,0.0,555.9048410641794
253,Li-Ion,-0.0,0.0,-0.0
253,CAES,0.0,0.0,-0.0
253,PHS,16482.7968956981,0.0,64886.268989679855
253,H2,0.0,0.0,555.9048410641794
254,Li-Ion,-0.0,0.0,-0.0
254,CAES,0.0,0.0,-0.0
254,PHS,17642.713312679633,0.0,80487.85514084158
254,H2,0.0,0.0,555.9048410641794
255,Li-Ion,-0.0,0.0,-0.0
255,CAES,0.0,0.0,-0.0
255,PHS,11536.547534131447,0.0,90689.7122503922
255,H2,1355.6548531865103,0.0,1455.1445397129773
256,Li-Ion,0.0,-0.0,-0.0
256,CAES,0.0,0.0,-0.0
256,PHS,0.0,642.8793774743901,89962.72613234483
256,H2,0.0,0.0,1455.1445397129773
257,Li-Ion,0.0,-0.0,-0.0
257,CAES,0.0,0.0,-0.0
257,PHS,0.0,8266.120287285416,80615.16435088826
257,H2,0.0,0.0,1455.1445397129773
258,Li-Ion,0.0,-0.0,-0.0
258,CAES,0.0,0.0,-0.0
258,PHS,0.0,9860.960677177722,69464.11210982497
258,H2,0.0,0.0,1455.1445397129773
259,Li-Ion,0.0,-0.0,-0.0
259,CAES,0.0,0.0,-0.0
259,PHS,0.0,9326.43771864803,58917.51349450297
259,H2,0.0,0.0,1455.1445397129773
260,Li-Ion,0.0,-0.0,-0.0
260,CAES,0.0,0.0,-0.0
260,PHS,0.0,8879.128382301593,48876.74488305257
260,H2,0.0,0.0,1455.1445397129773
261,Li-Ion,0.0,0.0,-0.0
261,CAES,0.0,0.0,-0.0
261,PHS,0.0,8402.869591014216,39374.5431349913
261,H2,0.0,0.0,1455.1445397129773
262,Li-Ion,0.0,0.0,-0.0
262,CAES,0.0,0.0,-0.0
262,PHS,0.0,7134.5544136858825,31306.587933846546
262,H2,0.0,0.0,1455.1445397129773
263,Li-Ion,0.0,0.0,-0.0
263,CAES,0.0,0.0,-0.0
263,PHS,0.0,5869.215651615251,24669.513465361837
263,H2,0.0,0.0,1455.1445397129773
264,Li-Ion,0.0,0.0,-0.0
264,CAES,0.0,0.0,-0.0
264,PHS,0.0,3291.688820597195,20947.178978747826
264,H2,0.0,0.0,1455.1445397129773
265,Li-Ion,0.0,0.0,-0.0
265,CAES,0.0,0.0,-0.0
265,PHS,0.0,3111.4023095840016,17428.71755972651
265,H2,0.0,0.0,1455.1445397129773
266,Li-Ion,0.0,0.0,0.0
266,CAES,0.0,0.0,-0.0
266,PHS,0.0,3227.7767852354964,13778.65660390554
266,H2,0.0,0.0,1455.1445397129773
267,Li-Ion,0.0,0.0,-0.0
267,CAES,0.0,0.0,-0.0
267,PHS,0.0,3333.941499225247,10008.54159750944
267,H2,0.0,0.0,1455.1445397129773
268,Li-Ion,0.0,0.0,-0.0
268,CAES,0.0,0.0,-0.0
268,PHS,0.0,2671.316112914803,6987.742052445987
268,H2,0.0,0.0,1455.1445397129773
269,Li-Ion,0.0,-0.0,0.0
269,CAES,0.0,0.0,-0.0
269,PHS,0.0,2711.329753047763,3921.693955432584
269,H2,0.0,0.0,1455.1445397129773
270,Li-Ion,0.0,-0.0,-0.0
270,CAES,0.0,-0.0,-0.0
270,PHS,0.0,3467.983921736056,0.0
270,H2,0.0,0.0,1455.1445397129773
271,Li-Ion,0.0,-0.0,-0.0
271,CAES,0.0,0.0,0.0
271,PHS,-0.0,0.0,0.0
271,H2,2.889045431383795,0.0,1457.0609156526154
272,Li-Ion,0.0,-0.0,-0.0
272,CAES,1390.4417641794596,0.0,1105.4930203352806
272,PHS,15510.681174505507,0.0,13716.213845255503
272,H2,1355.6548531865103,0.0,2356.3006143014136
273,Li-Ion,-0.0,0.0,-0.0
273,CAES,1390.4417641794596,0.0,2210.986040670561
273,PHS,20795.41816956004,0.0,32105.76098416707
273,H2,1355.6548531865103,0.0,3255.5403129502115
274,Li-Ion,-0.0,0.0,-0.0
274,CAES,1390.4417641794596,0.0,3316.4790610058417
274,PHS,20795.41816956004,0.0,50495.308123078634
274,H2,1355.6548531865103,0.0,4154.780011599009
275,Li-Ion,-0.0,0.0,-0.0
275,CAES,1390.4417641794596,0.0,4421.972081341122
275,PHS,20795.41816956004,0.0,68884.8552619902
275,H2,1355.6548531865103,0.0,5054.019710247808
276,Li-Ion,-0.0,0.0,-0.0
276,CAES,1390.4417641794596,0.0,5527.465101676403
276,PHS,20795.41816956004,0.0,87274.40240090177
276,H2,1355.6548531865103,0.0,5953.259408896606
277,Li-Ion,-0.0,0.0,-0.0
277,CAES,1390.4417641794596,0.0,6632.958122011683
277,PHS,20795.41816956004,0.0,105663.94953981334
277,H2,1355.6548531865103,0.0,6852.4991075454045
278,Li-Ion,-0.0,0.0,-0.0
278,CAES,1390.4417641794596,0.0,7738.451142346964
278,PHS,20795.41816956004,0.0,124053.49667872491
278,H2,1355.6548531865103,0.0,7751.738806194203
279,Li-Ion,-0.0,0.0,-0.0
279,CAES,1390.4417641794596,0.0,8843.944162682244
279,PHS,20795.41816956004,0.0,142443.04381763647
279,H2,1355.6548531865103,0.0,8650.978504843
280,Li-Ion,0.0,-0.0,-0.0
280,CAES,1390.4417641794596,0.0,9949.437183017526
280,PHS,7525.970378466134,0.0,149098.31691252626
280,H2,1355.6548531865103,0.0,9550.218203491799
281,Li-Ion,0.0,-0.0,-0.0
281,CAES,0.0,0.0,9949.437183017526
281,PHS,0.0,3604.9484782452646,145021.73957657852
281,H2,1355.6548531865103,0.0,10449.457902140597
282,Li-Ion,0.0,-0.0,-0.0
282,CAES,0.0,0.0,9949.437183017526
282,PHS,0.0,4232.556614530725,140235.44527250284
282,H2,1355.6548531865103,0.0,11348.697600789395
283,Li-Ion,0.0,-0.0,-0.0
283,CAES,0.0,0.0,9949.437183017526
283,PHS,0.0,4466.464506545279,135184.64133200928
283,H2,1355.6548531865103,0.0,12247.937299438194
284,Li-Ion,0.0,-0.0,-0.0
284,CAES,0.0,0.0,9949.437183017526
284,PHS,0.0,5673.276571162923,128769.14029776883
284,H2,1355.6548531865103,0.0,13147.176998086992
285,Li-Ion,0.0,-0.0,-0.0
285,CAES,0.0,0.0,9949.437183017526
285,PHS,0.0,6211.36625057534,121745.1522892935
285,H2,1355.6548531865103,0.0,14046.41669673579
286,Li-Ion,0.0,0.0,-0.0
286,CAES,0.0,0.0,9949.437183017526
286,PHS,0.0,5295.75667244972,115756.5613960026
286,H2,1355.6548531865103,0.0,14945.656395384589
287,Li-Ion,0.0,0.0,-0.0
287,CAES,0.0,0.0,9949.437183017526
287,PHS,0.0,6244.981274614617,108694.56057098557
287,H2,1355.6548531865103,0.0,15844.896094033387
288,Li-Ion,0.0,-0.0,0.0
288,CAES,0.0,0.0,9949.437183017526
288,PHS,0.0,4152.800578874286,103998.45663976102
288,H2,1355.6548531865103,0.0,16744.135792682184
289,Li-Ion,0.0,-0.0,-0.0
289,CAES,0.0,0.0,9949.437183017526
289,PHS,0.0,2490.949784844616,101181.62042166776
289,H2,1355.6548531865103,0.0,17643.375491330982
290,Li-Ion,0.0,-0.0,-0.0
290,CAES,0.0,0.0,9949.437183017526
290,PHS,0.0,1424.8011691445818,99570.41510502649
290,H2,1355.6548531865103,0.0,18542.61518997978
291,Li-Ion,0.0,-0.0,-0.0
291,CAES,0.0,0.0,9949.437183017526
291,PHS,0.0,484.6969120400569,99022.30617688222
291,H2,1355.6548531865103,0.0,19441.85488862858
292,Li-Ion,-0.0,0.0,-0.0
292,CAES,175.006957715491,0.0,10088.579270984625
292,PHS,0.0,0.0,99022.30617688222
292,H2,1355.6548531865103,0.0,20341.094587277377
293,Li-Ion,0.0,-0.0,-0.0
293,CAES,0.0,0.0,10088.579270984625
293,PHS,0.0,124.83533363401102,98881.13886342714
293,H2,1355.6548531865103,0.0,21240.334285926176
294,Li-Ion,0.0,-0.0,-0.0
294,CAES,0.0,0.0,10088.579270984625
294,PHS,0.0,504.5905089509372,98310.53369524317
294,H2,1355.6548531865103,0.0,22139.573984574974
295,Li-Ion,-0.0,0.0,-0.0
295,CAES,1390.4417641794596,0.0,11194.072291319906
295,PHS,2442.0587197849945,0.0,100470.06487549191
295,H2,1355.6548531865103,0.0,23038.813683223772
296,Li-Ion,-0.0,0.0,-0.0
296,CAES,1390.4417641794596,0.0,12299.565311655188
296,PHS,20795.41816956004,0.0,118859.61201440348
296,H2,1355.6548531865103,0.0,23938.05338187257
297,Li-Ion,-0.0,0.0,0.0
297,CAES,1390.4417641794596,0.0,13405.058331990469
297,PHS,20795.41816956004,0.0,137249.15915331503
297,H2,1355.6548531865103,0.0,24837.29308052137
298,Li-Ion,-0.0,0.0,-0.0
298,CAES,1390.4417641794596,0.0,14510.55135232575
298,PHS,20795.41816956004,0.0,155638.7062922266
298,H2,1355.6548531865103,0.0,25736.532779170167
299,Li-Ion,-0.0,0.0,-0.0
299,CAES,1390.4417641794596,0.0,15616.044372661032
299,PHS,20795.41816956004,0.0,174028.25343113815
299,H2,1355.6548531865103,0.0,26635.772477818966
300,Li-Ion,-0.0,0.0,-0.0
300,CAES,1390.4417641794596,0.0,16721.537392996313
300,PHS,20795.41816956004,0.0,192417.8005700497
300,H2,1355.6548531865103,0.0,27535.012176467764
301,Li-Ion,-0.0,0.0,0.0
301,CAES,1390.4417641794596,0.0,17827.030413331595
301,PHS,20795.41816956004,0.0,210807.34770896126
301,H2,1355.6548531865103,0.0,28434.251875116563
302,Li-Ion,0.0,-0.0,-0.0
302,CAES,1390.4417641794596,0.0,18932.523433666876
302,PHS,20795.41816956004,0.0,229196.8948478728
302,H2,1355.6548531865103,0.0,29333.49157376536
303,Li-Ion,-0.0,0.0,-0.0
303,CAES,1390.4417641794596,0.0,20038.016454002158
303,PHS,20795.41816956004,0.0,247586.44198678437
303,H2,1355.6548531865103,0.0,30232.73127241416
304,Li-Ion,-0.0,0.0,-0.0
304,CAES,-0.0,0.0,20038.016454002158
304,PHS,8194.334540435078,0.0,254832.75461558832
304,H2,1355.6548531865103,0.0,31131.970971062958
305,Li-Ion,0.0,0.0,-0.0
305,CAES,0.0,0.0,20038.016454002158
305,PHS,0.0,5126.391997431506,249035.68606994147
305,H2,1355.6548531865103,0.0,32031.210669711756
306,Li-Ion,0.0,0.0,-0.0
306,CAES,0.0,0.0,20038.016454002158
306,PHS,0.0,7313.49681079177,240765.377763091
306,H2,1355.6548531865103,0.0,32930.45036836055
307,Li-Ion,-0.0,0.0,-0.0
307,CAES,0.0,0.0,20038.016454002158
307,PHS,0.0,7071.5256973385,232768.69721070369
307,H2,1355.6548531865103,0.0,33829.690067009346
308,Li-Ion,0.0,0.0,-0.0
308,CAES,0.0,0.0,20038.016454002158
308,PHS,0.0,7096.70150408235,224743.54714653126
308,H2,1355.6548531865103,0.0,34728.92976565814
309,Li-Ion,0.0,0.0,-0.0
309,CAES,0.0,0.0,20038.016454002158
309,PHS,0.0,6750.995827626823,217109.33080417252
309,H2,1355.6548531865103,0.0,35628.169464306935
310,Li-Ion,-0.0,0.0,-0.0
310,CAES,0.0,0.0,20038.016454002158
310,PHS,0.0,6189.937959482518,210109.57451116949
310,H2,1355.6548531865103,0.0,36527.40916295573
311,Li-Ion,-0.0,0.0,-0.0
311,CAES,0.0,0.0,20038.016454002158
311,PHS,0.0,5184.709993668825,204246.5583318259
311,H2,1355.6548531865103,0.0,37426.648861604524
312,Li-Ion,-0.0,0.0,-0.0
312,CAES,0.0,0.0,20038.016454002158
312,PHS,0.0,3813.0709680636337,199934.63021896288
312,H2,1355.6548531865103,0.0,38325.88856025332
313,Li-Ion,-0.0,0.0,-0.0
313,CAES,0.0,0.0,20038.016454002158
313,PHS,0.0,2420.011628775035,197198.01286697335
313,H2,1355.6548531865103,0.0,39225.128258902114
314,Li-Ion,-0.0,0.0,-0.0
314,CAES,0.0,0.0,20038.016454002158
314,PHS,0.0,1786.264228489421,195178.05493586345
314,H2,1355.6548531865103,0.0,40124.36795755091
315,Li-Ion,-0.0,0.0,-0.0
315,CAES,0.0,0.0,20038.016454002158
315,PHS,0.0,1515.1883193357955,193464.63728244288
315,H2,1355.6548531865103,0.0,41023.6076561997
316,Li-Ion,-0.0,0.0,-0.0
316,CAES,0.0,0.0,20038.016454002158
316,PHS,0.0,2000.612842749311,191202.28789743097
316,H2,1355.6548531865103,0.0,41922.8473548485
317,Li-Ion,-0.0,0.0,-0.0
317,CAES,0.0,0.0,20038.016454002158
317,PHS,0.0,2922.12930195803,187897.86172963472
317,H2,1355.6548531865103,0.0,42822.08705349729
318,Li-Ion,-0.0,0.0,-0.0
318,CAES,0.0,0.0,20038.016454002158
318,PHS,0.0,5379.7049527825375,181814.33975506434
318,H2,1355.6548531865103,0.0,43721.32675214609
319,Li-Ion,-0.0,0.0,0.0
319,CAES,0.0,0.0,20038.016454002158
319,PHS,0.0,4726.580760012519,176469.38902440298
319,H2,1355.6548531865103,0.0,44620.56645079488
320,Li-Ion,-0.0,0.0,-0.0
320,CAES,737.0681030118482,0.0,20624.034268183837
320,PHS,8131.872935846051,0.0,183660.46637913855
320,H2,1355.6548531865103,0.0,45519.80614944368
321,Li-Ion,-0.0,0.0,-0.0
321,CAES,1390.4417641794596,0.0,21729.52728851912
321,PHS,9613.088155974172,0.0,192161.39366770672
321,H2,1355.6548531865103,0.0,46419.04584809247
322,Li-Ion,-0.0,0.0,-0.0
322,CAES,1390.4417641794596,0.0,22835.0203088544
322,PHS,13292.638561443073,0.0,203916.1754870974
322,H2,1355.6548531865103,0.0,47318.28554674127
323,Li-Ion,-0.0,0.0,-0.0
323,CAES,1390.4417641794596,0.0,23940.513329189682
323,PHS,8487.128585975599,0.0,211421.40812696138
323,H2,1355.6548531865103,0.0,48217.52524539006
324,Li-Ion,-0.0,0.0,-0.0
324,CAES,1390.4417641794596,0.0,25046.006349524963
324,PHS,5011.182306361777,0.0,215852.83491978308
324,H2,1355.6548531865103,0.0,49116.764944038856
325,Li-Ion,-0.0,0.0,-0.0
325,CAES,1390.4417641794596,0.0,26151.499369860245
325,PHS,2890.0898873390524,0.0,218408.56348391023
325,H2,1355.6548531865103,0.0,50016.00464268765
326,Li-Ion,0.0,0.0,-0.0
326,CAES,469.4057031923951,0.0,26524.707901100675
326,PHS,0.0,0.0,218408.56348391023
326,H2,1355.6548531865103,0.0,50915.244341336445
327,Li-Ion,0.0,0.0,-0.0
327,CAES,0.0,0.0,26524.707901100675
327,PHS,0.0,7143.703598120099,210330.26212715963
327,H2,1355.6548531865103,0.0,51814.48403998524
328,Li-Ion,0.0,-0.0,-0.0
328,CAES,0.0,0.0,26524.707901100675
328,PHS,0.0,14522.664463177629,193907.62386604893
328,H2,1355.6548531865103,0.0,52713.723738634035
329,Li-Ion,0.0,-0.0,-0.0
329,CAES,0.0,0.0,26524.707901100675
329,PHS,0.0,18875.371204262337,172562.82215161476
329,H2,1355.6548531865103,0.0,53612.96343728283
330,Li-Ion,0.0,-0.0,-0.0
330,CAES,0.0,0.0,26524.707901100675
330,PHS,0.0,20663.040576262065,149196.47353018867
330,H2,1355.6548531865103,0.0,54512.203135931624
331,Li-Ion,0.0,-0.0,-0.0
331,CAES,0.0,454.6267544526563,25952.897844522828
331,PHS,0.0,20795.41816956004,125680.42859551914
331,H2,1355.6548531865103,0.0,55411.44283458042
332,Li-Ion,0.0,-0.0,-0.0
332,CAES,0.0,180.09264549067933,25726.385029782607
332,PHS,0.0,20795.41816956004,102164.38366084962
332,H2,1355.6548531865103,0.0,56310.682533229214
333,Li-Ion,0.0,0.0,-0.0
333,CAES,0.0,0.0,25726.385029782607
333,PHS,0.0,20410.052161108906,79084.1214691449
333,H2,1355.6548531865103,0.0,57209.92223187801
334,Li-Ion,0.0,-0.0,0.0
334,CAES,0.0,0.0,25726.385029782607
334,PHS,0.0,18647.43081860231,57997.08116676319
334,H2,1355.6548531865103,0.0,58109.1619305268
335,Li-Ion,0.0,0.0,-0.0
335,CAES,0.0,0.0,25726.385029782607
335,PHS,0.0,15404.797104465748,40576.90245411037
335,H2,1355.6548531865103,0.0,59008.4016291756
336,Li-Ion,0.0,0.0,-0.0
336,CAES,0.0,0.0,25726.385029782607
336,PHS,0.0,12114.426441698095,26877.567618048957
336,H2,1355.6548531865103,0.0,59907.64132782439
